/*M!999999\- enable the sandbox mode */ 
-- MariaDB dump 10.19-11.8.3-MariaDB, for debian-linux-gnu (x86_64)
--
-- Host: localhost    Database: db_ucx
-- ------------------------------------------------------
-- Server version	11.8.3-MariaDB-0+deb13u1 from Debian

/*!40101 SET @OLD_CHARACTER_SET_CLIENT=@@CHARACTER_SET_CLIENT */;
/*!40101 SET @OLD_CHARACTER_SET_RESULTS=@@CHARACTER_SET_RESULTS */;
/*!40101 SET @OLD_COLLATION_CONNECTION=@@COLLATION_CONNECTION */;
/*!40101 SET NAMES utf8mb4 */;
/*!40103 SET @OLD_TIME_ZONE=@@TIME_ZONE */;
/*!40103 SET TIME_ZONE='+00:00' */;
/*!40014 SET @OLD_UNIQUE_CHECKS=@@UNIQUE_CHECKS, UNIQUE_CHECKS=0 */;
/*!40014 SET @OLD_FOREIGN_KEY_CHECKS=@@FOREIGN_KEY_CHECKS, FOREIGN_KEY_CHECKS=0 */;
/*!40101 SET @OLD_SQL_MODE=@@SQL_MODE, SQL_MODE='NO_AUTO_VALUE_ON_ZERO' */;
/*M!100616 SET @OLD_NOTE_VERBOSITY=@@NOTE_VERBOSITY, NOTE_VERBOSITY=0 */;

--
-- Table structure for table `activity_logs`
--

DROP TABLE IF EXISTS `activity_logs`;
/*!40101 SET @saved_cs_client     = @@character_set_client */;
/*!40101 SET character_set_client = utf8mb4 */;
CREATE TABLE `activity_logs` (
  `id` int(11) NOT NULL AUTO_INCREMENT,
  `user_id` int(11) DEFAULT NULL,
  `action` varchar(100) NOT NULL,
  `entity_type` varchar(100) DEFAULT NULL,
  `entity_id` int(11) DEFAULT NULL,
  `old_values` text DEFAULT NULL,
  `new_values` text DEFAULT NULL,
  `ip_address` varchar(45) DEFAULT NULL,
  `user_agent` varchar(255) DEFAULT NULL,
  `created_at` timestamp NULL DEFAULT current_timestamp(),
  PRIMARY KEY (`id`),
  KEY `user_id` (`user_id`),
  CONSTRAINT `activity_logs_ibfk_1` FOREIGN KEY (`user_id`) REFERENCES `cms_users` (`id`) ON DELETE SET NULL
) ENGINE=InnoDB AUTO_INCREMENT=103 DEFAULT CHARSET=utf8mb4 COLLATE=utf8mb4_unicode_ci;
/*!40101 SET character_set_client = @saved_cs_client */;

--
-- Table structure for table `alarm_notifications`
--

DROP TABLE IF EXISTS `alarm_notifications`;
/*!40101 SET @saved_cs_client     = @@character_set_client */;
/*!40101 SET character_set_client = utf8mb4 */;
CREATE TABLE `alarm_notifications` (
  `id` bigint(20) unsigned NOT NULL AUTO_INCREMENT,
  `type` varchar(20) DEFAULT 'notification',
  `severity` varchar(20) DEFAULT 'low',
  `title` varchar(255) NOT NULL,
  `message` text DEFAULT NULL,
  `is_read` tinyint(1) DEFAULT 0,
  `created_at` timestamp NULL DEFAULT current_timestamp(),
  `updated_at` timestamp NULL DEFAULT current_timestamp() ON UPDATE current_timestamp(),
  PRIMARY KEY (`id`)
) ENGINE=MyISAM DEFAULT CHARSET=utf8mb4 COLLATE=utf8mb4_unicode_ci;
/*!40101 SET character_set_client = @saved_cs_client */;

--
-- Table structure for table `announcements`
--

DROP TABLE IF EXISTS `announcements`;
/*!40101 SET @saved_cs_client     = @@character_set_client */;
/*!40101 SET character_set_client = utf8mb4 */;
CREATE TABLE `announcements` (
  `id` int(11) NOT NULL AUTO_INCREMENT,
  `name` varchar(100) NOT NULL,
  `filename` varchar(255) DEFAULT NULL,
  `created_at` timestamp NULL DEFAULT current_timestamp(),
  PRIMARY KEY (`id`)
) ENGINE=InnoDB DEFAULT CHARSET=utf8mb4 COLLATE=utf8mb4_unicode_ci;
/*!40101 SET character_set_client = @saved_cs_client */;

--
-- Table structure for table `black_lists`
--

DROP TABLE IF EXISTS `black_lists`;
/*!40101 SET @saved_cs_client     = @@character_set_client */;
/*!40101 SET character_set_client = utf8mb4 */;
CREATE TABLE `black_lists` (
  `id` int(11) NOT NULL AUTO_INCREMENT,
  `number` varchar(50) NOT NULL,
  `description` varchar(255) DEFAULT NULL,
  `created_at` timestamp NULL DEFAULT current_timestamp(),
  `updated_at` timestamp NULL DEFAULT current_timestamp() ON UPDATE current_timestamp(),
  PRIMARY KEY (`id`)
) ENGINE=InnoDB DEFAULT CHARSET=utf8mb4 COLLATE=utf8mb4_unicode_ci;
/*!40101 SET character_set_client = @saved_cs_client */;

--
-- Table structure for table `branches`
--

DROP TABLE IF EXISTS `branches`;
/*!40101 SET @saved_cs_client     = @@character_set_client */;
/*!40101 SET character_set_client = utf8mb4 */;
CREATE TABLE `branches` (
  `id` int(11) NOT NULL AUTO_INCREMENT,
  `customer_id` int(11) DEFAULT NULL,
  `head_office_id` int(11) DEFAULT NULL,
  `call_server_id` int(11) DEFAULT NULL,
  `sbc_id` int(11) DEFAULT NULL,
  `name` varchar(255) NOT NULL,
  `code` varchar(50) DEFAULT NULL,
  `country` varchar(100) DEFAULT NULL,
  `province` varchar(100) DEFAULT NULL,
  `city` varchar(100) DEFAULT NULL,
  `district` varchar(100) DEFAULT NULL,
  `address` text DEFAULT NULL,
  `contact_name` varchar(255) DEFAULT NULL,
  `contact_phone` varchar(50) DEFAULT NULL,
  `description` text DEFAULT NULL,
  `is_active` tinyint(1) DEFAULT 1,
  `created_at` timestamp NULL DEFAULT current_timestamp(),
  `updated_at` timestamp NULL DEFAULT current_timestamp() ON UPDATE current_timestamp(),
  PRIMARY KEY (`id`),
  KEY `customer_id` (`customer_id`),
  KEY `head_office_id` (`head_office_id`),
  CONSTRAINT `branches_ibfk_1` FOREIGN KEY (`customer_id`) REFERENCES `customers` (`id`) ON DELETE SET NULL,
  CONSTRAINT `branches_ibfk_2` FOREIGN KEY (`head_office_id`) REFERENCES `head_offices` (`id`) ON DELETE SET NULL
) ENGINE=InnoDB AUTO_INCREMENT=2 DEFAULT CHARSET=utf8mb4 COLLATE=utf8mb4_unicode_ci;
/*!40101 SET character_set_client = @saved_cs_client */;

--
-- Table structure for table `cache`
--

DROP TABLE IF EXISTS `cache`;
/*!40101 SET @saved_cs_client     = @@character_set_client */;
/*!40101 SET character_set_client = utf8mb4 */;
CREATE TABLE `cache` (
  `key` varchar(191) NOT NULL,
  `value` mediumtext NOT NULL,
  `expiration` int(11) NOT NULL,
  PRIMARY KEY (`key`),
  KEY `cache_expiration_index` (`expiration`)
) ENGINE=InnoDB DEFAULT CHARSET=utf8mb4 COLLATE=utf8mb4_unicode_ci;
/*!40101 SET character_set_client = @saved_cs_client */;

--
-- Table structure for table `cache_locks`
--

DROP TABLE IF EXISTS `cache_locks`;
/*!40101 SET @saved_cs_client     = @@character_set_client */;
/*!40101 SET character_set_client = utf8mb4 */;
CREATE TABLE `cache_locks` (
  `key` varchar(191) NOT NULL,
  `owner` varchar(191) NOT NULL,
  `expiration` int(11) NOT NULL,
  PRIMARY KEY (`key`),
  KEY `cache_locks_expiration_index` (`expiration`)
) ENGINE=InnoDB DEFAULT CHARSET=utf8mb4 COLLATE=utf8mb4_unicode_ci;
/*!40101 SET character_set_client = @saved_cs_client */;

--
-- Table structure for table `call_logs`
--

DROP TABLE IF EXISTS `call_logs`;
/*!40101 SET @saved_cs_client     = @@character_set_client */;
/*!40101 SET character_set_client = utf8mb4 */;
CREATE TABLE `call_logs` (
  `id` bigint(20) unsigned NOT NULL AUTO_INCREMENT,
  `caller` varchar(255) NOT NULL,
  `callee` varchar(255) NOT NULL,
  `duration` int(11) NOT NULL DEFAULT 0,
  `status` enum('answered','missed','busy','failed') NOT NULL DEFAULT 'missed',
  `started_at` timestamp NULL DEFAULT NULL,
  `ended_at` timestamp NULL DEFAULT NULL,
  `channel_id` bigint(20) unsigned DEFAULT NULL,
  `created_at` timestamp NULL DEFAULT NULL,
  `updated_at` timestamp NULL DEFAULT NULL,
  PRIMARY KEY (`id`),
  KEY `call_logs_channel_id_index` (`channel_id`),
  KEY `call_logs_created_at_index` (`created_at`)
) ENGINE=InnoDB DEFAULT CHARSET=utf8mb4 COLLATE=utf8mb4_unicode_ci;
/*!40101 SET character_set_client = @saved_cs_client */;

--
-- Table structure for table `call_servers`
--

DROP TABLE IF EXISTS `call_servers`;
/*!40101 SET @saved_cs_client     = @@character_set_client */;
/*!40101 SET character_set_client = utf8mb4 */;
CREATE TABLE `call_servers` (
  `id` int(11) NOT NULL AUTO_INCREMENT,
  `head_office_id` int(11) DEFAULT NULL,
  `name` varchar(255) NOT NULL,
  `host` varchar(255) NOT NULL,
  `port` int(11) DEFAULT 5060,
  `description` text DEFAULT NULL,
  `is_active` tinyint(1) DEFAULT 1,
  `created_at` timestamp NULL DEFAULT current_timestamp(),
  `updated_at` timestamp NULL DEFAULT current_timestamp() ON UPDATE current_timestamp(),
  `type` text DEFAULT NULL,
  `head_office` text DEFAULT NULL,
  `ext_count` text DEFAULT NULL,
  `trunks_count` text DEFAULT NULL,
  `lines_count` text DEFAULT NULL,
  PRIMARY KEY (`id`),
  KEY `head_office_id` (`head_office_id`),
  CONSTRAINT `call_servers_ibfk_1` FOREIGN KEY (`head_office_id`) REFERENCES `head_offices` (`id`) ON DELETE SET NULL
) ENGINE=InnoDB AUTO_INCREMENT=10 DEFAULT CHARSET=utf8mb4 COLLATE=utf8mb4_unicode_ci;
/*!40101 SET character_set_client = @saved_cs_client */;

--
-- Table structure for table `cas`
--

DROP TABLE IF EXISTS `cas`;
/*!40101 SET @saved_cs_client     = @@character_set_client */;
/*!40101 SET character_set_client = utf8mb4 */;
CREATE TABLE `cas` (
  `id` bigint(20) unsigned NOT NULL AUTO_INCREMENT,
  `call_server_id` int(11) DEFAULT NULL,
  `name` varchar(255) DEFAULT NULL,
  `cas_number` varchar(50) DEFAULT NULL,
  `channel_number` int(11) DEFAULT NULL,
  `signaling_type` varchar(50) DEFAULT NULL,
  `trunk_id` bigint(20) unsigned DEFAULT NULL,
  `span` int(11) DEFAULT NULL,
  `timeslot` int(11) DEFAULT NULL,
  `description` text DEFAULT NULL,
  `destination` varchar(100) DEFAULT NULL,
  `destination_local` tinyint(1) DEFAULT 0,
  `is_active` tinyint(1) DEFAULT 1,
  `created_at` timestamp NULL DEFAULT NULL,
  `updated_at` timestamp NULL DEFAULT NULL,
  PRIMARY KEY (`id`)
) ENGINE=InnoDB AUTO_INCREMENT=6 DEFAULT CHARSET=utf8mb4 COLLATE=utf8mb4_unicode_ci;
/*!40101 SET character_set_client = @saved_cs_client */;

--
-- Table structure for table `cdrs`
--

DROP TABLE IF EXISTS `cdrs`;
/*!40101 SET @saved_cs_client     = @@character_set_client */;
/*!40101 SET character_set_client = utf8mb4 */;
CREATE TABLE `cdrs` (
  `id` bigint(20) unsigned NOT NULL AUTO_INCREMENT,
  `calldate` datetime NOT NULL,
  `clid` varchar(80) NOT NULL DEFAULT '',
  `src` varchar(80) NOT NULL DEFAULT '',
  `dst` varchar(80) NOT NULL DEFAULT '',
  `dcontext` varchar(80) NOT NULL DEFAULT '',
  `channel` varchar(80) NOT NULL DEFAULT '',
  `dstchannel` varchar(80) NOT NULL DEFAULT '',
  `lastapp` varchar(80) NOT NULL DEFAULT '',
  `lastdata` varchar(80) NOT NULL DEFAULT '',
  `duration` int(11) NOT NULL DEFAULT 0,
  `billsec` int(11) NOT NULL DEFAULT 0,
  `disposition` varchar(45) NOT NULL DEFAULT '',
  `amaflags` int(11) NOT NULL DEFAULT 0,
  `accountcode` varchar(20) NOT NULL DEFAULT '',
  `uniqueid` varchar(32) NOT NULL,
  `userfield` varchar(255) NOT NULL DEFAULT '',
  `did` varchar(50) NOT NULL DEFAULT '',
  `recordingfile` varchar(255) NOT NULL DEFAULT '',
  `cnum` varchar(80) NOT NULL DEFAULT '',
  `cnam` varchar(80) NOT NULL DEFAULT '',
  `outbound_cnum` varchar(80) NOT NULL DEFAULT '',
  `outbound_cnam` varchar(80) NOT NULL DEFAULT '',
  `dst_cnam` varchar(80) NOT NULL DEFAULT '',
  `linkedid` varchar(32) NOT NULL DEFAULT '',
  `peeraccount` varchar(80) NOT NULL DEFAULT '',
  `sequence` int(11) NOT NULL DEFAULT 0,
  `created_at` timestamp NULL DEFAULT NULL,
  `updated_at` timestamp NULL DEFAULT NULL,
  PRIMARY KEY (`id`),
  UNIQUE KEY `cdrs_uniqueid_unique` (`uniqueid`),
  KEY `cdrs_calldate_index` (`calldate`),
  KEY `cdrs_src_index` (`src`),
  KEY `cdrs_dst_index` (`dst`)
) ENGINE=InnoDB DEFAULT CHARSET=utf8mb4 COLLATE=utf8mb4_unicode_ci;
/*!40101 SET character_set_client = @saved_cs_client */;

--
-- Table structure for table `cms_groups`
--

DROP TABLE IF EXISTS `cms_groups`;
/*!40101 SET @saved_cs_client     = @@character_set_client */;
/*!40101 SET character_set_client = utf8mb4 */;
CREATE TABLE `cms_groups` (
  `id` int(11) NOT NULL AUTO_INCREMENT,
  `name` varchar(100) NOT NULL,
  `description` varchar(255) DEFAULT NULL,
  `permissions` text DEFAULT NULL,
  `is_active` tinyint(1) DEFAULT 1,
  `created_at` timestamp NULL DEFAULT current_timestamp(),
  `updated_at` timestamp NULL DEFAULT current_timestamp() ON UPDATE current_timestamp(),
  PRIMARY KEY (`id`)
) ENGINE=InnoDB DEFAULT CHARSET=utf8mb4 COLLATE=utf8mb4_unicode_ci;
/*!40101 SET character_set_client = @saved_cs_client */;

--
-- Table structure for table `cms_users`
--

DROP TABLE IF EXISTS `cms_users`;
/*!40101 SET @saved_cs_client     = @@character_set_client */;
/*!40101 SET character_set_client = utf8mb4 */;
CREATE TABLE `cms_users` (
  `id` int(11) NOT NULL AUTO_INCREMENT,
  `name` varchar(255) NOT NULL,
  `email` varchar(255) NOT NULL,
  `password` varchar(255) NOT NULL,
  `role` enum('admin','operator','viewer') DEFAULT 'viewer',
  `is_active` tinyint(1) DEFAULT 1,
  `last_login` timestamp NULL DEFAULT NULL,
  `created_at` timestamp NULL DEFAULT current_timestamp(),
  `updated_at` timestamp NULL DEFAULT current_timestamp() ON UPDATE current_timestamp(),
  PRIMARY KEY (`id`),
  UNIQUE KEY `email` (`email`)
) ENGINE=InnoDB AUTO_INCREMENT=3 DEFAULT CHARSET=utf8mb4 COLLATE=utf8mb4_unicode_ci;
/*!40101 SET character_set_client = @saved_cs_client */;

--
-- Table structure for table `conferences`
--

DROP TABLE IF EXISTS `conferences`;
/*!40101 SET @saved_cs_client     = @@character_set_client */;
/*!40101 SET character_set_client = utf8mb4 */;
CREATE TABLE `conferences` (
  `id` int(11) NOT NULL AUTO_INCREMENT,
  `call_server_id` int(11) DEFAULT NULL,
  `conf_num` varchar(20) NOT NULL,
  `name` varchar(100) DEFAULT NULL,
  `pin` varchar(20) DEFAULT NULL,
  `admin_pin` varchar(20) DEFAULT NULL,
  `options` varchar(255) DEFAULT NULL,
  `is_active` tinyint(1) DEFAULT 1,
  `created_at` timestamp NULL DEFAULT current_timestamp(),
  `updated_at` timestamp NULL DEFAULT current_timestamp() ON UPDATE current_timestamp(),
  PRIMARY KEY (`id`),
  KEY `call_server_id` (`call_server_id`),
  CONSTRAINT `conferences_ibfk_1` FOREIGN KEY (`call_server_id`) REFERENCES `call_servers` (`id`) ON DELETE SET NULL
) ENGINE=InnoDB DEFAULT CHARSET=utf8mb4 COLLATE=utf8mb4_unicode_ci;
/*!40101 SET character_set_client = @saved_cs_client */;

--
-- Table structure for table `custom_destinations`
--

DROP TABLE IF EXISTS `custom_destinations`;
/*!40101 SET @saved_cs_client     = @@character_set_client */;
/*!40101 SET character_set_client = utf8mb4 */;
CREATE TABLE `custom_destinations` (
  `id` int(11) NOT NULL AUTO_INCREMENT,
  `target` varchar(100) NOT NULL,
  `description` varchar(255) DEFAULT NULL,
  `notes` text DEFAULT NULL,
  `return_call` tinyint(1) DEFAULT 0,
  `created_at` timestamp NULL DEFAULT current_timestamp(),
  `updated_at` timestamp NULL DEFAULT current_timestamp() ON UPDATE current_timestamp(),
  PRIMARY KEY (`id`)
) ENGINE=InnoDB DEFAULT CHARSET=utf8mb4 COLLATE=utf8mb4_unicode_ci;
/*!40101 SET character_set_client = @saved_cs_client */;

--
-- Table structure for table `customers`
--

DROP TABLE IF EXISTS `customers`;
/*!40101 SET @saved_cs_client     = @@character_set_client */;
/*!40101 SET character_set_client = utf8mb4 */;
CREATE TABLE `customers` (
  `id` int(11) NOT NULL AUTO_INCREMENT,
  `name` varchar(255) NOT NULL,
  `code` varchar(50) DEFAULT NULL,
  `contact_person` varchar(255) DEFAULT NULL,
  `email` varchar(255) DEFAULT NULL,
  `phone` varchar(50) DEFAULT NULL,
  `address` text DEFAULT NULL,
  `is_active` tinyint(1) DEFAULT 1,
  `created_at` timestamp NULL DEFAULT current_timestamp(),
  `updated_at` timestamp NULL DEFAULT current_timestamp() ON UPDATE current_timestamp(),
  PRIMARY KEY (`id`)
) ENGINE=InnoDB AUTO_INCREMENT=4 DEFAULT CHARSET=utf8mb4 COLLATE=utf8mb4_unicode_ci;
/*!40101 SET character_set_client = @saved_cs_client */;

--
-- Table structure for table `dahdi_channels`
--

DROP TABLE IF EXISTS `dahdi_channels`;
/*!40101 SET @saved_cs_client     = @@character_set_client */;
/*!40101 SET character_set_client = utf8mb4 */;
CREATE TABLE `dahdi_channels` (
  `id` int(11) NOT NULL AUTO_INCREMENT,
  `call_server_id` int(11) DEFAULT NULL,
  `channel_type` enum('fxo','fxs','e1','e1_cas') NOT NULL,
  `span` int(11) DEFAULT NULL,
  `channel` int(11) DEFAULT NULL,
  `signalling` varchar(50) DEFAULT NULL,
  `context` varchar(100) DEFAULT NULL,
  `description` varchar(255) DEFAULT NULL,
  `is_active` tinyint(1) DEFAULT 1,
  `created_at` timestamp NULL DEFAULT current_timestamp(),
  `updated_at` timestamp NULL DEFAULT current_timestamp() ON UPDATE current_timestamp(),
  PRIMARY KEY (`id`),
  KEY `call_server_id` (`call_server_id`),
  CONSTRAINT `dahdi_channels_ibfk_1` FOREIGN KEY (`call_server_id`) REFERENCES `call_servers` (`id`) ON DELETE SET NULL
) ENGINE=InnoDB DEFAULT CHARSET=utf8mb4 COLLATE=utf8mb4_unicode_ci;
/*!40101 SET character_set_client = @saved_cs_client */;

--
-- Table structure for table `device_3rd_parties`
--

DROP TABLE IF EXISTS `device_3rd_parties`;
/*!40101 SET @saved_cs_client     = @@character_set_client */;
/*!40101 SET character_set_client = utf8mb4 */;
CREATE TABLE `device_3rd_parties` (
  `id` bigint(20) unsigned NOT NULL AUTO_INCREMENT,
  `name` varchar(255) NOT NULL,
  `mac_address` varchar(17) DEFAULT NULL,
  `ip_address` varchar(15) DEFAULT NULL,
  `device_type` varchar(50) DEFAULT 'ip_phone',
  `manufacturer` varchar(100) DEFAULT NULL,
  `model` varchar(100) DEFAULT NULL,
  `description` text DEFAULT NULL,
  `is_active` tinyint(1) DEFAULT 1,
  `created_at` timestamp NULL DEFAULT NULL,
  `updated_at` timestamp NULL DEFAULT NULL,
  PRIMARY KEY (`id`)
) ENGINE=InnoDB AUTO_INCREMENT=6 DEFAULT CHARSET=utf8mb4 COLLATE=utf8mb4_unicode_ci;
/*!40101 SET character_set_client = @saved_cs_client */;

--
-- Table structure for table `extensions`
--

DROP TABLE IF EXISTS `extensions`;
/*!40101 SET @saved_cs_client     = @@character_set_client */;
/*!40101 SET character_set_client = utf8mb4 */;
CREATE TABLE `extensions` (
  `id` int(11) NOT NULL AUTO_INCREMENT,
  `call_server_id` int(11) DEFAULT NULL,
  `extension` varchar(20) NOT NULL,
  `name` varchar(100) DEFAULT NULL,
  `password` varchar(100) DEFAULT NULL,
  `voicemail` varchar(50) DEFAULT NULL,
  `outbound_cid` varchar(50) DEFAULT NULL,
  `ring_timer` int(11) DEFAULT 30,
  `is_active` tinyint(1) DEFAULT 1,
  `created_at` timestamp NULL DEFAULT current_timestamp(),
  `updated_at` timestamp NULL DEFAULT current_timestamp() ON UPDATE current_timestamp(),
  PRIMARY KEY (`id`),
  KEY `call_server_id` (`call_server_id`),
  CONSTRAINT `extensions_ibfk_1` FOREIGN KEY (`call_server_id`) REFERENCES `call_servers` (`id`) ON DELETE SET NULL
) ENGINE=InnoDB AUTO_INCREMENT=11 DEFAULT CHARSET=utf8mb4 COLLATE=utf8mb4_unicode_ci;
/*!40101 SET character_set_client = @saved_cs_client */;

--
-- Table structure for table `failed_jobs`
--

DROP TABLE IF EXISTS `failed_jobs`;
/*!40101 SET @saved_cs_client     = @@character_set_client */;
/*!40101 SET character_set_client = utf8mb4 */;
CREATE TABLE `failed_jobs` (
  `id` bigint(20) unsigned NOT NULL AUTO_INCREMENT,
  `uuid` varchar(191) NOT NULL,
  `connection` text NOT NULL,
  `queue` text NOT NULL,
  `payload` longtext NOT NULL,
  `exception` longtext NOT NULL,
  `failed_at` timestamp NOT NULL DEFAULT current_timestamp(),
  PRIMARY KEY (`id`),
  UNIQUE KEY `failed_jobs_uuid_unique` (`uuid`)
) ENGINE=InnoDB DEFAULT CHARSET=utf8mb4 COLLATE=utf8mb4_unicode_ci;
/*!40101 SET character_set_client = @saved_cs_client */;

--
-- Table structure for table `firewall_rules`
--

DROP TABLE IF EXISTS `firewall_rules`;
/*!40101 SET @saved_cs_client     = @@character_set_client */;
/*!40101 SET character_set_client = utf8mb4 */;
CREATE TABLE `firewall_rules` (
  `id` bigint(20) unsigned NOT NULL AUTO_INCREMENT,
  `name` varchar(100) NOT NULL,
  `protocol` enum('TCP','UDP','ICMP','ALL') DEFAULT 'TCP',
  `port` varchar(50) NOT NULL COMMENT 'Port or range e.g. 5060 or 10000-20000',
  `source` varchar(50) DEFAULT 'Any',
  `action` enum('ACCEPT','DROP','REJECT') DEFAULT 'ACCEPT',
  `priority` int(11) DEFAULT 100,
  `device_type` enum('call_server','sbc','recording') NOT NULL,
  `device_id` bigint(20) unsigned NOT NULL,
  `is_active` tinyint(1) DEFAULT 1,
  `created_at` timestamp NULL DEFAULT current_timestamp(),
  `updated_at` timestamp NULL DEFAULT current_timestamp() ON UPDATE current_timestamp(),
  PRIMARY KEY (`id`)
) ENGINE=InnoDB DEFAULT CHARSET=utf8mb4 COLLATE=utf8mb4_0900_ai_ci;
/*!40101 SET character_set_client = @saved_cs_client */;

--
-- Table structure for table `firewalls`
--

DROP TABLE IF EXISTS `firewalls`;
/*!40101 SET @saved_cs_client     = @@character_set_client */;
/*!40101 SET character_set_client = utf8mb4 */;
CREATE TABLE `firewalls` (
  `id` bigint(20) unsigned NOT NULL AUTO_INCREMENT,
  `call_server_id` int(11) DEFAULT NULL,
  `port` varchar(191) NOT NULL,
  `source` varchar(191) NOT NULL DEFAULT 'any',
  `destination` varchar(191) NOT NULL DEFAULT 'any',
  `protocol` varchar(191) NOT NULL,
  `interface` varchar(191) NOT NULL,
  `direction` varchar(191) NOT NULL,
  `action` varchar(191) NOT NULL,
  `comment` varchar(191) DEFAULT NULL,
  `is_enabled` tinyint(1) NOT NULL DEFAULT 1,
  `created_at` timestamp NULL DEFAULT NULL,
  `updated_at` timestamp NULL DEFAULT NULL,
  PRIMARY KEY (`id`),
  KEY `firewalls_call_server_id_foreign` (`call_server_id`),
  CONSTRAINT `firewalls_call_server_id_foreign` FOREIGN KEY (`call_server_id`) REFERENCES `call_servers` (`id`) ON DELETE SET NULL
) ENGINE=InnoDB DEFAULT CHARSET=utf8mb4 COLLATE=utf8mb4_unicode_ci;
/*!40101 SET character_set_client = @saved_cs_client */;

--
-- Table structure for table `head_offices`
--

DROP TABLE IF EXISTS `head_offices`;
/*!40101 SET @saved_cs_client     = @@character_set_client */;
/*!40101 SET character_set_client = utf8mb4 */;
CREATE TABLE `head_offices` (
  `id` int(11) NOT NULL AUTO_INCREMENT,
  `customer_id` int(11) DEFAULT NULL,
  `name` varchar(255) NOT NULL,
  `code` varchar(50) DEFAULT NULL,
  `type` enum('basic','ha','fo') DEFAULT 'basic',
  `country` varchar(100) DEFAULT NULL,
  `province` varchar(100) DEFAULT NULL,
  `city` varchar(100) DEFAULT NULL,
  `district` varchar(100) DEFAULT NULL,
  `address` text DEFAULT NULL,
  `contact_name` varchar(255) DEFAULT NULL,
  `contact_phone` varchar(50) DEFAULT NULL,
  `description` text DEFAULT NULL,
  `is_active` tinyint(1) DEFAULT 1,
  `created_at` timestamp NULL DEFAULT current_timestamp(),
  `updated_at` timestamp NULL DEFAULT current_timestamp() ON UPDATE current_timestamp(),
  `bcp_drc_server_id` int(11) DEFAULT NULL,
  `bcp_drc_enabled` tinyint(1) DEFAULT 0,
  `call_servers_json` text DEFAULT NULL,
  PRIMARY KEY (`id`),
  KEY `customer_id` (`customer_id`),
  CONSTRAINT `head_offices_ibfk_1` FOREIGN KEY (`customer_id`) REFERENCES `customers` (`id`) ON DELETE SET NULL
) ENGINE=InnoDB AUTO_INCREMENT=4 DEFAULT CHARSET=utf8mb4 COLLATE=utf8mb4_unicode_ci;
/*!40101 SET character_set_client = @saved_cs_client */;

--
-- Table structure for table `inbound_routes`
--

DROP TABLE IF EXISTS `inbound_routes`;
/*!40101 SET @saved_cs_client     = @@character_set_client */;
/*!40101 SET character_set_client = utf8mb4 */;
CREATE TABLE `inbound_routes` (
  `id` bigint(20) unsigned NOT NULL AUTO_INCREMENT,
  `call_server_id` int(11) DEFAULT NULL,
  `did_number` varchar(191) NOT NULL,
  `description` varchar(191) DEFAULT NULL,
  `trunk_id` bigint(20) unsigned DEFAULT NULL,
  `destination_type` varchar(191) NOT NULL DEFAULT 'extension',
  `destination_id` bigint(20) unsigned DEFAULT NULL,
  `cid_filter` varchar(191) DEFAULT NULL,
  `priority` int(11) NOT NULL DEFAULT 0,
  `is_active` tinyint(1) NOT NULL DEFAULT 1,
  `created_at` timestamp NULL DEFAULT NULL,
  `updated_at` timestamp NULL DEFAULT NULL,
  PRIMARY KEY (`id`),
  KEY `inbound_routes_trunk_id_foreign` (`trunk_id`),
  KEY `inbound_routes_did_number_priority_index` (`did_number`,`priority`),
  KEY `inbound_routes_call_server_id_foreign` (`call_server_id`),
  CONSTRAINT `inbound_routes_call_server_id_foreign` FOREIGN KEY (`call_server_id`) REFERENCES `call_servers` (`id`) ON DELETE SET NULL,
  CONSTRAINT `inbound_routes_trunk_id_foreign` FOREIGN KEY (`trunk_id`) REFERENCES `trunks` (`id`) ON DELETE SET NULL
) ENGINE=InnoDB DEFAULT CHARSET=utf8mb4 COLLATE=utf8mb4_unicode_ci;
/*!40101 SET character_set_client = @saved_cs_client */;

--
-- Table structure for table `inbound_routings`
--

DROP TABLE IF EXISTS `inbound_routings`;
/*!40101 SET @saved_cs_client     = @@character_set_client */;
/*!40101 SET character_set_client = utf8mb4 */;
CREATE TABLE `inbound_routings` (
  `id` bigint(20) unsigned NOT NULL AUTO_INCREMENT,
  `call_server_id` int(11) DEFAULT NULL,
  `name` varchar(100) NOT NULL,
  `did_number` varchar(50) DEFAULT NULL,
  `destination` varchar(100) DEFAULT NULL,
  `destination_type` varchar(50) DEFAULT NULL,
  `description` text DEFAULT NULL,
  `is_active` tinyint(1) DEFAULT 1,
  `created_at` timestamp NULL DEFAULT NULL,
  `updated_at` timestamp NULL DEFAULT NULL,
  PRIMARY KEY (`id`)
) ENGINE=InnoDB DEFAULT CHARSET=utf8mb4 COLLATE=utf8mb4_unicode_ci;
/*!40101 SET character_set_client = @saved_cs_client */;

--
-- Table structure for table `intercoms`
--

DROP TABLE IF EXISTS `intercoms`;
/*!40101 SET @saved_cs_client     = @@character_set_client */;
/*!40101 SET character_set_client = utf8mb4 */;
CREATE TABLE `intercoms` (
  `id` bigint(20) unsigned NOT NULL AUTO_INCREMENT,
  `call_server_id` int(11) DEFAULT NULL,
  `branch_id` bigint(20) unsigned DEFAULT NULL,
  `name` varchar(191) NOT NULL,
  `extension` varchar(20) DEFAULT NULL,
  `description` text DEFAULT NULL,
  `is_active` tinyint(1) NOT NULL DEFAULT 1,
  `created_at` timestamp NULL DEFAULT NULL,
  `updated_at` timestamp NULL DEFAULT NULL,
  PRIMARY KEY (`id`),
  KEY `intercoms_call_server_id_index` (`call_server_id`),
  KEY `intercoms_branch_id_index` (`branch_id`)
) ENGINE=InnoDB AUTO_INCREMENT=2 DEFAULT CHARSET=utf8mb4 COLLATE=utf8mb4_unicode_ci;
/*!40101 SET character_set_client = @saved_cs_client */;

--
-- Table structure for table `ivr`
--

DROP TABLE IF EXISTS `ivr`;
/*!40101 SET @saved_cs_client     = @@character_set_client */;
/*!40101 SET character_set_client = utf8mb4 */;
CREATE TABLE `ivr` (
  `id` int(11) NOT NULL AUTO_INCREMENT,
  `call_server_id` int(11) DEFAULT NULL,
  `name` varchar(100) NOT NULL,
  `description` varchar(255) DEFAULT NULL,
  `announcement` int(11) DEFAULT NULL,
  `direct_dial` varchar(50) DEFAULT NULL,
  `timeout_time` int(11) DEFAULT 10,
  `invalid_loops` int(11) DEFAULT 3,
  `timeout_destination` varchar(255) DEFAULT NULL,
  `invalid_destination` varchar(255) DEFAULT NULL,
  `is_active` tinyint(1) DEFAULT 1,
  `created_at` timestamp NULL DEFAULT current_timestamp(),
  `updated_at` timestamp NULL DEFAULT current_timestamp() ON UPDATE current_timestamp(),
  PRIMARY KEY (`id`),
  KEY `call_server_id` (`call_server_id`),
  CONSTRAINT `ivr_ibfk_1` FOREIGN KEY (`call_server_id`) REFERENCES `call_servers` (`id`) ON DELETE SET NULL
) ENGINE=InnoDB DEFAULT CHARSET=utf8mb4 COLLATE=utf8mb4_unicode_ci;
/*!40101 SET character_set_client = @saved_cs_client */;

--
-- Table structure for table `ivr_entries`
--

DROP TABLE IF EXISTS `ivr_entries`;
/*!40101 SET @saved_cs_client     = @@character_set_client */;
/*!40101 SET character_set_client = utf8mb4 */;
CREATE TABLE `ivr_entries` (
  `id` int(11) NOT NULL AUTO_INCREMENT,
  `ivr_id` int(11) DEFAULT NULL,
  `digits` varchar(10) NOT NULL,
  `destination` varchar(255) DEFAULT NULL,
  `return_to_ivr` tinyint(1) DEFAULT 0,
  `created_at` timestamp NULL DEFAULT current_timestamp(),
  `updated_at` timestamp NULL DEFAULT current_timestamp() ON UPDATE current_timestamp(),
  PRIMARY KEY (`id`),
  KEY `ivr_id` (`ivr_id`),
  CONSTRAINT `ivr_entries_ibfk_1` FOREIGN KEY (`ivr_id`) REFERENCES `ivr` (`id`) ON DELETE CASCADE
) ENGINE=InnoDB DEFAULT CHARSET=utf8mb4 COLLATE=utf8mb4_unicode_ci;
/*!40101 SET character_set_client = @saved_cs_client */;

--
-- Table structure for table `job_batches`
--

DROP TABLE IF EXISTS `job_batches`;
/*!40101 SET @saved_cs_client     = @@character_set_client */;
/*!40101 SET character_set_client = utf8mb4 */;
CREATE TABLE `job_batches` (
  `id` varchar(191) NOT NULL,
  `name` varchar(191) NOT NULL,
  `total_jobs` int(11) NOT NULL,
  `pending_jobs` int(11) NOT NULL,
  `failed_jobs` int(11) NOT NULL,
  `failed_job_ids` longtext NOT NULL,
  `options` mediumtext DEFAULT NULL,
  `cancelled_at` int(11) DEFAULT NULL,
  `created_at` int(11) NOT NULL,
  `finished_at` int(11) DEFAULT NULL,
  PRIMARY KEY (`id`)
) ENGINE=InnoDB DEFAULT CHARSET=utf8mb4 COLLATE=utf8mb4_unicode_ci;
/*!40101 SET character_set_client = @saved_cs_client */;

--
-- Table structure for table `jobs`
--

DROP TABLE IF EXISTS `jobs`;
/*!40101 SET @saved_cs_client     = @@character_set_client */;
/*!40101 SET character_set_client = utf8mb4 */;
CREATE TABLE `jobs` (
  `id` bigint(20) unsigned NOT NULL AUTO_INCREMENT,
  `queue` varchar(191) NOT NULL,
  `payload` longtext NOT NULL,
  `attempts` tinyint(3) unsigned NOT NULL,
  `reserved_at` int(10) unsigned DEFAULT NULL,
  `available_at` int(10) unsigned NOT NULL,
  `created_at` int(10) unsigned NOT NULL,
  PRIMARY KEY (`id`),
  KEY `jobs_queue_index` (`queue`)
) ENGINE=InnoDB DEFAULT CHARSET=utf8mb4 COLLATE=utf8mb4_unicode_ci;
/*!40101 SET character_set_client = @saved_cs_client */;

--
-- Table structure for table `lines`
--

DROP TABLE IF EXISTS `lines`;
/*!40101 SET @saved_cs_client     = @@character_set_client */;
/*!40101 SET character_set_client = utf8mb4 */;
CREATE TABLE `lines` (
  `id` bigint(20) unsigned NOT NULL AUTO_INCREMENT,
  `call_server_id` int(11) DEFAULT NULL,
  `name` varchar(255) NOT NULL,
  `line_number` varchar(255) NOT NULL,
  `type` varchar(50) DEFAULT 'sip',
  `channel_count` int(11) DEFAULT 1,
  `trunk_id` bigint(20) unsigned DEFAULT NULL,
  `description` text DEFAULT NULL,
  `secret` varchar(255) DEFAULT NULL,
  `is_active` tinyint(1) DEFAULT 1,
  `created_at` timestamp NULL DEFAULT NULL,
  `updated_at` timestamp NULL DEFAULT NULL,
  PRIMARY KEY (`id`)
) ENGINE=InnoDB AUTO_INCREMENT=14 DEFAULT CHARSET=utf8mb4 COLLATE=utf8mb4_unicode_ci;
/*!40101 SET character_set_client = @saved_cs_client */;

--
-- Table structure for table `migrations`
--

DROP TABLE IF EXISTS `migrations`;
/*!40101 SET @saved_cs_client     = @@character_set_client */;
/*!40101 SET character_set_client = utf8mb4 */;
CREATE TABLE `migrations` (
  `id` int(10) unsigned NOT NULL AUTO_INCREMENT,
  `migration` varchar(191) NOT NULL,
  `batch` int(11) NOT NULL,
  PRIMARY KEY (`id`)
) ENGINE=InnoDB AUTO_INCREMENT=30 DEFAULT CHARSET=utf8mb4 COLLATE=utf8mb4_unicode_ci;
/*!40101 SET character_set_client = @saved_cs_client */;

--
-- Table structure for table `misc_destinations`
--

DROP TABLE IF EXISTS `misc_destinations`;
/*!40101 SET @saved_cs_client     = @@character_set_client */;
/*!40101 SET character_set_client = utf8mb4 */;
CREATE TABLE `misc_destinations` (
  `id` int(11) NOT NULL AUTO_INCREMENT,
  `description` varchar(255) NOT NULL,
  `dial` varchar(100) NOT NULL,
  `created_at` timestamp NULL DEFAULT current_timestamp(),
  `updated_at` timestamp NULL DEFAULT current_timestamp() ON UPDATE current_timestamp(),
  PRIMARY KEY (`id`)
) ENGINE=InnoDB DEFAULT CHARSET=utf8mb4 COLLATE=utf8mb4_unicode_ci;
/*!40101 SET character_set_client = @saved_cs_client */;

--
-- Table structure for table `outbound_dial_patterns`
--

DROP TABLE IF EXISTS `outbound_dial_patterns`;
/*!40101 SET @saved_cs_client     = @@character_set_client */;
/*!40101 SET character_set_client = utf8mb4 */;
CREATE TABLE `outbound_dial_patterns` (
  `id` bigint(20) unsigned NOT NULL AUTO_INCREMENT,
  `outbound_routing_id` bigint(20) unsigned NOT NULL,
  `prepend` varchar(50) DEFAULT NULL COMMENT 'Digits to prepend before dialing',
  `prefix` varchar(50) DEFAULT NULL COMMENT 'Prefix to strip from dialed number',
  `match_pattern` varchar(100) DEFAULT NULL COMMENT 'Pattern to match (e.g., 9XXXXXXX)',
  `caller_id` varchar(50) DEFAULT NULL COMMENT 'CallerID to use for this pattern',
  `created_at` timestamp NULL DEFAULT current_timestamp(),
  `updated_at` timestamp NULL DEFAULT current_timestamp() ON UPDATE current_timestamp(),
  PRIMARY KEY (`id`),
  KEY `outbound_routing_id` (`outbound_routing_id`),
  CONSTRAINT `outbound_dial_patterns_ibfk_1` FOREIGN KEY (`outbound_routing_id`) REFERENCES `outbound_routings` (`id`) ON DELETE CASCADE
) ENGINE=InnoDB DEFAULT CHARSET=utf8mb4 COLLATE=utf8mb4_0900_ai_ci;
/*!40101 SET character_set_client = @saved_cs_client */;

--
-- Table structure for table `outbound_routes`
--

DROP TABLE IF EXISTS `outbound_routes`;
/*!40101 SET @saved_cs_client     = @@character_set_client */;
/*!40101 SET character_set_client = utf8mb4 */;
CREATE TABLE `outbound_routes` (
  `id` bigint(20) unsigned NOT NULL AUTO_INCREMENT,
  `call_server_id` int(11) DEFAULT NULL,
  `name` varchar(191) NOT NULL,
  `trunk_id` bigint(20) unsigned NOT NULL,
  `dial_pattern` varchar(191) NOT NULL DEFAULT '.',
  `match_cid` varchar(191) DEFAULT NULL,
  `prepend_digits` varchar(191) DEFAULT NULL,
  `outcid` varchar(191) DEFAULT NULL,
  `priority` int(11) NOT NULL DEFAULT 0,
  `is_active` tinyint(1) NOT NULL DEFAULT 1,
  `description` text DEFAULT NULL,
  `created_at` timestamp NULL DEFAULT NULL,
  `updated_at` timestamp NULL DEFAULT NULL,
  PRIMARY KEY (`id`),
  KEY `outbound_routes_trunk_id_foreign` (`trunk_id`),
  KEY `outbound_routes_priority_index` (`priority`),
  KEY `outbound_routes_call_server_id_foreign` (`call_server_id`),
  CONSTRAINT `outbound_routes_call_server_id_foreign` FOREIGN KEY (`call_server_id`) REFERENCES `call_servers` (`id`) ON DELETE SET NULL,
  CONSTRAINT `outbound_routes_trunk_id_foreign` FOREIGN KEY (`trunk_id`) REFERENCES `trunks` (`id`) ON DELETE CASCADE
) ENGINE=InnoDB DEFAULT CHARSET=utf8mb4 COLLATE=utf8mb4_unicode_ci;
/*!40101 SET character_set_client = @saved_cs_client */;

--
-- Table structure for table `outbound_routings`
--

DROP TABLE IF EXISTS `outbound_routings`;
/*!40101 SET @saved_cs_client     = @@character_set_client */;
/*!40101 SET character_set_client = utf8mb4 */;
CREATE TABLE `outbound_routings` (
  `id` bigint(20) unsigned NOT NULL AUTO_INCREMENT,
  `call_server_id` int(11) DEFAULT NULL,
  `name` varchar(100) NOT NULL,
  `dial_pattern` varchar(100) DEFAULT NULL,
  `trunk_id` bigint(20) unsigned DEFAULT NULL,
  `priority` int(11) DEFAULT 0,
  `description` text DEFAULT NULL,
  `is_active` tinyint(1) DEFAULT 1,
  `created_at` timestamp NULL DEFAULT NULL,
  `updated_at` timestamp NULL DEFAULT NULL,
  PRIMARY KEY (`id`)
) ENGINE=InnoDB DEFAULT CHARSET=utf8mb4 COLLATE=utf8mb4_unicode_ci;
/*!40101 SET character_set_client = @saved_cs_client */;

--
-- Table structure for table `password_reset_tokens`
--

DROP TABLE IF EXISTS `password_reset_tokens`;
/*!40101 SET @saved_cs_client     = @@character_set_client */;
/*!40101 SET character_set_client = utf8mb4 */;
CREATE TABLE `password_reset_tokens` (
  `email` varchar(191) NOT NULL,
  `token` varchar(191) NOT NULL,
  `created_at` timestamp NULL DEFAULT NULL,
  PRIMARY KEY (`email`)
) ENGINE=InnoDB DEFAULT CHARSET=utf8mb4 COLLATE=utf8mb4_unicode_ci;
/*!40101 SET character_set_client = @saved_cs_client */;

--
-- Table structure for table `personal_access_tokens`
--

DROP TABLE IF EXISTS `personal_access_tokens`;
/*!40101 SET @saved_cs_client     = @@character_set_client */;
/*!40101 SET character_set_client = utf8mb4 */;
CREATE TABLE `personal_access_tokens` (
  `id` bigint(20) unsigned NOT NULL AUTO_INCREMENT,
  `tokenable_type` varchar(191) NOT NULL,
  `tokenable_id` bigint(20) unsigned NOT NULL,
  `name` text NOT NULL,
  `token` varchar(64) NOT NULL,
  `abilities` text DEFAULT NULL,
  `last_used_at` timestamp NULL DEFAULT NULL,
  `expires_at` timestamp NULL DEFAULT NULL,
  `created_at` timestamp NULL DEFAULT NULL,
  `updated_at` timestamp NULL DEFAULT NULL,
  PRIMARY KEY (`id`),
  UNIQUE KEY `personal_access_tokens_token_unique` (`token`),
  KEY `personal_access_tokens_tokenable_type_tokenable_id_index` (`tokenable_type`,`tokenable_id`),
  KEY `personal_access_tokens_expires_at_index` (`expires_at`)
) ENGINE=InnoDB AUTO_INCREMENT=7 DEFAULT CHARSET=utf8mb4 COLLATE=utf8mb4_unicode_ci;
/*!40101 SET character_set_client = @saved_cs_client */;

--
-- Table structure for table `phone_directories`
--

DROP TABLE IF EXISTS `phone_directories`;
/*!40101 SET @saved_cs_client     = @@character_set_client */;
/*!40101 SET character_set_client = utf8mb4 */;
CREATE TABLE `phone_directories` (
  `id` bigint(20) unsigned NOT NULL AUTO_INCREMENT,
  `name` varchar(100) NOT NULL,
  `company` varchar(100) DEFAULT NULL,
  `phones` longtext CHARACTER SET utf8mb4 COLLATE utf8mb4_bin NOT NULL,
  `email` varchar(255) DEFAULT NULL,
  `notes` text DEFAULT NULL,
  `is_active` tinyint(1) DEFAULT 1,
  `created_at` timestamp NULL DEFAULT current_timestamp(),
  `updated_at` timestamp NULL DEFAULT current_timestamp() ON UPDATE current_timestamp(),
  PRIMARY KEY (`id`),
  CONSTRAINT `phone_directories_chk_1` CHECK (json_valid(`phones`))
) ENGINE=InnoDB AUTO_INCREMENT=3 DEFAULT CHARSET=utf8mb4 COLLATE=utf8mb4_unicode_ci;
/*!40101 SET character_set_client = @saved_cs_client */;

--
-- Table structure for table `private_wires`
--

DROP TABLE IF EXISTS `private_wires`;
/*!40101 SET @saved_cs_client     = @@character_set_client */;
/*!40101 SET character_set_client = utf8mb4 */;
CREATE TABLE `private_wires` (
  `id` bigint(20) unsigned NOT NULL AUTO_INCREMENT,
  `call_server_id` int(11) DEFAULT NULL,
  `name` varchar(100) NOT NULL,
  `number` varchar(50) DEFAULT NULL,
  `destination` varchar(100) DEFAULT NULL,
  `description` text DEFAULT NULL,
  `is_active` tinyint(1) DEFAULT 1,
  `created_at` timestamp NULL DEFAULT NULL,
  `updated_at` timestamp NULL DEFAULT NULL,
  PRIMARY KEY (`id`)
) ENGINE=InnoDB AUTO_INCREMENT=6 DEFAULT CHARSET=utf8mb4 COLLATE=utf8mb4_unicode_ci;
/*!40101 SET character_set_client = @saved_cs_client */;

--
-- Table structure for table `recording_servers`
--

DROP TABLE IF EXISTS `recording_servers`;
/*!40101 SET @saved_cs_client     = @@character_set_client */;
/*!40101 SET character_set_client = utf8mb4 */;
CREATE TABLE `recording_servers` (
  `id` bigint(20) unsigned NOT NULL AUTO_INCREMENT,
  `call_server_id` int(11) DEFAULT NULL,
  `ip_address` varchar(191) NOT NULL,
  `port` varchar(191) DEFAULT NULL,
  `pbx_system_type` varchar(191) NOT NULL DEFAULT 'None',
  `pbx_system_1` varchar(191) DEFAULT NULL,
  `pbx_system_2` varchar(191) DEFAULT NULL,
  `pbx_system_3` varchar(191) DEFAULT NULL,
  `pbx_system_4` varchar(191) DEFAULT NULL,
  `description` varchar(191) DEFAULT NULL,
  `is_enabled` tinyint(1) NOT NULL DEFAULT 1,
  `created_at` timestamp NULL DEFAULT NULL,
  `updated_at` timestamp NULL DEFAULT NULL,
  PRIMARY KEY (`id`),
  KEY `recording_servers_call_server_id_foreign` (`call_server_id`),
  CONSTRAINT `recording_servers_call_server_id_foreign` FOREIGN KEY (`call_server_id`) REFERENCES `call_servers` (`id`) ON DELETE SET NULL
) ENGINE=InnoDB DEFAULT CHARSET=utf8mb4 COLLATE=utf8mb4_unicode_ci;
/*!40101 SET character_set_client = @saved_cs_client */;

--
-- Table structure for table `recordings`
--

DROP TABLE IF EXISTS `recordings`;
/*!40101 SET @saved_cs_client     = @@character_set_client */;
/*!40101 SET character_set_client = utf8mb4 */;
CREATE TABLE `recordings` (
  `id` int(11) NOT NULL AUTO_INCREMENT,
  `name` varchar(100) NOT NULL,
  `filename` varchar(255) DEFAULT NULL,
  `created_at` timestamp NULL DEFAULT current_timestamp(),
  PRIMARY KEY (`id`)
) ENGINE=InnoDB DEFAULT CHARSET=utf8mb4 COLLATE=utf8mb4_unicode_ci;
/*!40101 SET character_set_client = @saved_cs_client */;

--
-- Table structure for table `ring_groups`
--

DROP TABLE IF EXISTS `ring_groups`;
/*!40101 SET @saved_cs_client     = @@character_set_client */;
/*!40101 SET character_set_client = utf8mb4 */;
CREATE TABLE `ring_groups` (
  `id` int(11) NOT NULL AUTO_INCREMENT,
  `call_server_id` int(11) DEFAULT NULL,
  `grp_num` varchar(20) NOT NULL,
  `description` varchar(100) DEFAULT NULL,
  `strategy` varchar(50) DEFAULT 'ringall',
  `grp_time` int(11) DEFAULT 20,
  `grp_list` text DEFAULT NULL,
  `destination` varchar(255) DEFAULT NULL,
  `is_active` tinyint(1) DEFAULT 1,
  `created_at` timestamp NULL DEFAULT current_timestamp(),
  `updated_at` timestamp NULL DEFAULT current_timestamp() ON UPDATE current_timestamp(),
  PRIMARY KEY (`id`),
  KEY `call_server_id` (`call_server_id`),
  CONSTRAINT `ring_groups_ibfk_1` FOREIGN KEY (`call_server_id`) REFERENCES `call_servers` (`id`) ON DELETE SET NULL
) ENGINE=InnoDB DEFAULT CHARSET=utf8mb4 COLLATE=utf8mb4_unicode_ci;
/*!40101 SET character_set_client = @saved_cs_client */;

--
-- Table structure for table `role_permissions`
--

DROP TABLE IF EXISTS `role_permissions`;
/*!40101 SET @saved_cs_client     = @@character_set_client */;
/*!40101 SET character_set_client = utf8mb4 */;
CREATE TABLE `role_permissions` (
  `id` int(10) unsigned NOT NULL AUTO_INCREMENT,
  `role` varchar(20) NOT NULL COMMENT 'superroot, root, admin, operator',
  `page_key` varchar(100) NOT NULL COMMENT 'e.g. organization.company',
  `can_view` tinyint(1) NOT NULL DEFAULT 0,
  `can_create` tinyint(1) NOT NULL DEFAULT 0,
  `can_edit` tinyint(1) NOT NULL DEFAULT 0,
  `can_delete` tinyint(1) NOT NULL DEFAULT 0,
  `created_at` timestamp NULL DEFAULT current_timestamp(),
  `updated_at` timestamp NULL DEFAULT current_timestamp() ON UPDATE current_timestamp(),
  PRIMARY KEY (`id`),
  UNIQUE KEY `unique_role_page` (`role`,`page_key`),
  KEY `idx_role` (`role`)
) ENGINE=InnoDB AUTO_INCREMENT=493 DEFAULT CHARSET=utf8mb4 COLLATE=utf8mb4_unicode_ci;
/*!40101 SET character_set_client = @saved_cs_client */;

--
-- Table structure for table `sbc_connection_status`
--

DROP TABLE IF EXISTS `sbc_connection_status`;
/*!40101 SET @saved_cs_client     = @@character_set_client */;
/*!40101 SET character_set_client = utf8mb4 */;
CREATE TABLE `sbc_connection_status` (
  `id` int(11) NOT NULL AUTO_INCREMENT,
  `sbc_id` int(11) NOT NULL,
  `peer_name` varchar(100) NOT NULL COMMENT 'SIP Trunk/IP Group/Trunk Group name',
  `peer_type` enum('ITSP','IP_GROUP','TRUNK_GROUP','SIP_PEER','GATEWAY') DEFAULT 'SIP_PEER' COMMENT 'Type of SBC peer connection',
  `remote_address` varchar(100) NOT NULL COMMENT 'Remote SIP endpoint address (IP:Port or FQDN)',
  `local_user` varchar(50) DEFAULT NULL COMMENT 'Local SIP username/AOR for registration',
  `registration_status` enum('REGISTERED','NOT_REGISTERED','REGISTERING','FAILED') DEFAULT 'NOT_REGISTERED' COMMENT 'SIP REGISTER status',
  `connection_status` enum('OK','LAGGED','UNREACHABLE','UNKNOWN') DEFAULT 'UNKNOWN' COMMENT 'SIP OPTIONS qualify status',
  `latency_ms` int(11) DEFAULT NULL COMMENT 'Round-trip time from SIP OPTIONS ping (ms)',
  `active_calls` int(11) DEFAULT 0 COMMENT 'Current active calls on this peer',
  `max_calls` int(11) DEFAULT NULL COMMENT 'Maximum concurrent calls allowed',
  `last_activity` datetime DEFAULT NULL COMMENT 'Last successful SIP transaction timestamp',
  `created_at` timestamp NULL DEFAULT current_timestamp(),
  `updated_at` timestamp NULL DEFAULT current_timestamp() ON UPDATE current_timestamp(),
  PRIMARY KEY (`id`),
  KEY `sbc_id` (`sbc_id`),
  CONSTRAINT `sbc_connection_status_ibfk_1` FOREIGN KEY (`sbc_id`) REFERENCES `call_servers` (`id`) ON DELETE CASCADE
) ENGINE=InnoDB AUTO_INCREMENT=6 DEFAULT CHARSET=utf8mb4 COLLATE=utf8mb4_0900_ai_ci;
/*!40101 SET character_set_client = @saved_cs_client */;

--
-- Table structure for table `sbc_routes`
--

DROP TABLE IF EXISTS `sbc_routes`;
/*!40101 SET @saved_cs_client     = @@character_set_client */;
/*!40101 SET character_set_client = utf8mb4 */;
CREATE TABLE `sbc_routes` (
  `id` bigint(20) unsigned NOT NULL AUTO_INCREMENT,
  `src_call_server_id` bigint(20) unsigned DEFAULT NULL,
  `src_description` varchar(255) DEFAULT NULL,
  `src_pattern` varchar(100) NOT NULL,
  `src_cid_filter` varchar(100) DEFAULT NULL,
  `src_priority` int(11) DEFAULT 0,
  `src_is_active` tinyint(1) DEFAULT 1,
  `src_from_sbc_id` bigint(20) unsigned DEFAULT NULL,
  `src_destination_id` bigint(20) unsigned DEFAULT NULL,
  `dest_call_server_id` bigint(20) unsigned DEFAULT NULL,
  `dest_description` varchar(255) DEFAULT NULL,
  `dest_pattern` varchar(100) DEFAULT NULL,
  `dest_cid_filter` varchar(100) DEFAULT NULL,
  `dest_priority` int(11) DEFAULT 0,
  `dest_is_active` tinyint(1) DEFAULT 1,
  `dest_from_sbc_id` bigint(20) unsigned DEFAULT NULL,
  `dest_destination_id` bigint(20) unsigned DEFAULT NULL,
  `created_at` timestamp NULL DEFAULT NULL,
  `updated_at` timestamp NULL DEFAULT NULL,
  PRIMARY KEY (`id`)
) ENGINE=InnoDB AUTO_INCREMENT=6 DEFAULT CHARSET=utf8mb4 COLLATE=utf8mb4_unicode_ci;
/*!40101 SET character_set_client = @saved_cs_client */;

--
-- Table structure for table `sbcs`
--

DROP TABLE IF EXISTS `sbcs`;
/*!40101 SET @saved_cs_client     = @@character_set_client */;
/*!40101 SET character_set_client = utf8mb4 */;
CREATE TABLE `sbcs` (
  `id` bigint(20) unsigned NOT NULL AUTO_INCREMENT,
  `call_server_id` int(11) DEFAULT NULL,
  `name` varchar(100) NOT NULL,
  `sip_server` varchar(255) NOT NULL,
  `sip_server_port` int(11) DEFAULT 5060,
  `outcid` varchar(255) DEFAULT NULL,
  `maxchans` int(11) DEFAULT 2,
  `transport` varchar(20) DEFAULT 'udp',
  `context` varchar(100) DEFAULT 'from-pstn',
  `codecs` varchar(100) DEFAULT 'ulaw,alaw',
  `dtmfmode` varchar(20) DEFAULT 'auto',
  `registration` varchar(20) DEFAULT 'none',
  `auth_username` varchar(100) DEFAULT NULL,
  `secret` varchar(100) DEFAULT NULL,
  `qualify` tinyint(1) DEFAULT 1,
  `qualify_frequency` int(11) DEFAULT 60,
  `disabled` tinyint(1) DEFAULT 0,
  `created_at` timestamp NULL DEFAULT NULL,
  `updated_at` timestamp NULL DEFAULT NULL,
  PRIMARY KEY (`id`)
) ENGINE=InnoDB AUTO_INCREMENT=8 DEFAULT CHARSET=utf8mb4 COLLATE=utf8mb4_unicode_ci;
/*!40101 SET character_set_client = @saved_cs_client */;

--
-- Table structure for table `sessions`
--

DROP TABLE IF EXISTS `sessions`;
/*!40101 SET @saved_cs_client     = @@character_set_client */;
/*!40101 SET character_set_client = utf8mb4 */;
CREATE TABLE `sessions` (
  `id` varchar(191) NOT NULL,
  `user_id` bigint(20) unsigned DEFAULT NULL,
  `ip_address` varchar(45) DEFAULT NULL,
  `user_agent` text DEFAULT NULL,
  `payload` longtext NOT NULL,
  `last_activity` int(11) NOT NULL,
  PRIMARY KEY (`id`),
  KEY `sessions_user_id_index` (`user_id`),
  KEY `sessions_last_activity_index` (`last_activity`)
) ENGINE=InnoDB DEFAULT CHARSET=utf8mb4 COLLATE=utf8mb4_unicode_ci;
/*!40101 SET character_set_client = @saved_cs_client */;

--
-- Table structure for table `static_routes`
--

DROP TABLE IF EXISTS `static_routes`;
/*!40101 SET @saved_cs_client     = @@character_set_client */;
/*!40101 SET character_set_client = utf8mb4 */;
CREATE TABLE `static_routes` (
  `id` bigint(20) unsigned NOT NULL AUTO_INCREMENT,
  `call_server_id` int(11) DEFAULT NULL,
  `network` varchar(191) NOT NULL,
  `subnet` varchar(191) NOT NULL,
  `gateway` varchar(191) NOT NULL,
  `device` varchar(191) NOT NULL,
  `description` varchar(191) DEFAULT NULL,
  `created_at` timestamp NULL DEFAULT NULL,
  `updated_at` timestamp NULL DEFAULT NULL,
  `destination` text DEFAULT NULL,
  `interface_name` text DEFAULT NULL,
  `metric` text DEFAULT NULL,
  `device_type` text DEFAULT NULL,
  `device_id` int(11) DEFAULT NULL,
  `is_active` tinyint(1) DEFAULT 0,
  PRIMARY KEY (`id`),
  KEY `static_routes_call_server_id_foreign` (`call_server_id`),
  CONSTRAINT `static_routes_call_server_id_foreign` FOREIGN KEY (`call_server_id`) REFERENCES `call_servers` (`id`) ON DELETE SET NULL
) ENGINE=InnoDB AUTO_INCREMENT=3 DEFAULT CHARSET=utf8mb4 COLLATE=utf8mb4_unicode_ci;
/*!40101 SET character_set_client = @saved_cs_client */;

--
-- Table structure for table `sub_branches`
--

DROP TABLE IF EXISTS `sub_branches`;
/*!40101 SET @saved_cs_client     = @@character_set_client */;
/*!40101 SET character_set_client = utf8mb4 */;
CREATE TABLE `sub_branches` (
  `id` int(11) NOT NULL AUTO_INCREMENT,
  `customer_id` int(11) DEFAULT NULL,
  `branch_id` int(11) DEFAULT NULL,
  `call_server_id` int(11) DEFAULT NULL,
  `name` varchar(255) NOT NULL,
  `code` varchar(50) DEFAULT NULL,
  `country` varchar(100) DEFAULT NULL,
  `province` varchar(100) DEFAULT NULL,
  `city` varchar(100) DEFAULT NULL,
  `district` varchar(100) DEFAULT NULL,
  `address` text DEFAULT NULL,
  `contact_name` varchar(255) DEFAULT NULL,
  `contact_phone` varchar(50) DEFAULT NULL,
  `description` text DEFAULT NULL,
  `is_active` tinyint(1) DEFAULT 1,
  `created_at` timestamp NULL DEFAULT current_timestamp(),
  `updated_at` timestamp NULL DEFAULT current_timestamp() ON UPDATE current_timestamp(),
  PRIMARY KEY (`id`),
  KEY `customer_id` (`customer_id`),
  KEY `branch_id` (`branch_id`),
  CONSTRAINT `sub_branches_ibfk_1` FOREIGN KEY (`customer_id`) REFERENCES `customers` (`id`) ON DELETE SET NULL,
  CONSTRAINT `sub_branches_ibfk_2` FOREIGN KEY (`branch_id`) REFERENCES `branches` (`id`) ON DELETE SET NULL
) ENGINE=InnoDB AUTO_INCREMENT=3 DEFAULT CHARSET=utf8mb4 COLLATE=utf8mb4_unicode_ci;
/*!40101 SET character_set_client = @saved_cs_client */;

--
-- Table structure for table `system_logs`
--

DROP TABLE IF EXISTS `system_logs`;
/*!40101 SET @saved_cs_client     = @@character_set_client */;
/*!40101 SET character_set_client = utf8mb4 */;
CREATE TABLE `system_logs` (
  `id` int(11) NOT NULL AUTO_INCREMENT,
  `level` enum('debug','info','warning','error','critical') DEFAULT 'info',
  `message` text NOT NULL,
  `context` text DEFAULT NULL,
  `created_at` timestamp NULL DEFAULT current_timestamp(),
  PRIMARY KEY (`id`)
) ENGINE=InnoDB DEFAULT CHARSET=utf8mb4 COLLATE=utf8mb4_unicode_ci;
/*!40101 SET character_set_client = @saved_cs_client */;

--
-- Table structure for table `time_conditions`
--

DROP TABLE IF EXISTS `time_conditions`;
/*!40101 SET @saved_cs_client     = @@character_set_client */;
/*!40101 SET character_set_client = utf8mb4 */;
CREATE TABLE `time_conditions` (
  `id` int(11) NOT NULL AUTO_INCREMENT,
  `call_server_id` int(11) DEFAULT NULL,
  `name` varchar(100) NOT NULL,
  `description` varchar(255) DEFAULT NULL,
  `time_group_id` int(11) DEFAULT NULL,
  `match_destination` varchar(255) DEFAULT NULL,
  `nomatch_destination` varchar(255) DEFAULT NULL,
  `is_active` tinyint(1) DEFAULT 1,
  `created_at` timestamp NULL DEFAULT current_timestamp(),
  `updated_at` timestamp NULL DEFAULT current_timestamp() ON UPDATE current_timestamp(),
  PRIMARY KEY (`id`),
  KEY `call_server_id` (`call_server_id`),
  CONSTRAINT `time_conditions_ibfk_1` FOREIGN KEY (`call_server_id`) REFERENCES `call_servers` (`id`) ON DELETE SET NULL
) ENGINE=InnoDB DEFAULT CHARSET=utf8mb4 COLLATE=utf8mb4_unicode_ci;
/*!40101 SET character_set_client = @saved_cs_client */;

--
-- Table structure for table `trunks`
--

DROP TABLE IF EXISTS `trunks`;
/*!40101 SET @saved_cs_client     = @@character_set_client */;
/*!40101 SET character_set_client = utf8mb4 */;
CREATE TABLE `trunks` (
  `id` bigint(20) unsigned NOT NULL AUTO_INCREMENT,
  `call_server_id` int(11) DEFAULT NULL,
  `name` varchar(100) NOT NULL,
  `sip_server` varchar(255) NOT NULL,
  `sip_server_port` int(11) DEFAULT 5060,
  `outcid` varchar(255) DEFAULT NULL,
  `maxchans` int(11) DEFAULT 2,
  `transport` varchar(20) DEFAULT 'udp',
  `context` varchar(100) DEFAULT 'from-pstn',
  `codecs` varchar(100) DEFAULT 'ulaw,alaw',
  `dtmfmode` varchar(20) DEFAULT 'auto',
  `registration` varchar(20) DEFAULT 'none',
  `auth_username` varchar(100) DEFAULT NULL,
  `secret` varchar(100) DEFAULT NULL,
  `qualify` tinyint(1) DEFAULT 1,
  `qualify_frequency` int(11) DEFAULT 60,
  `disabled` tinyint(1) DEFAULT 0,
  `created_at` timestamp NULL DEFAULT NULL,
  `updated_at` timestamp NULL DEFAULT NULL,
  PRIMARY KEY (`id`)
) ENGINE=InnoDB AUTO_INCREMENT=2 DEFAULT CHARSET=utf8mb4 COLLATE=utf8mb4_unicode_ci;
/*!40101 SET character_set_client = @saved_cs_client */;

--
-- Table structure for table `turret_channel_states`
--

DROP TABLE IF EXISTS `turret_channel_states`;
/*!40101 SET @saved_cs_client     = @@character_set_client */;
/*!40101 SET character_set_client = utf8mb4 */;
CREATE TABLE `turret_channel_states` (
  `id` bigint(20) NOT NULL AUTO_INCREMENT,
  `turret_user_id` bigint(20) NOT NULL,
  `channel_key` varchar(20) NOT NULL,
  `contact_name` varchar(255) DEFAULT NULL,
  `extension` varchar(50) DEFAULT NULL,
  `volume_in` int(11) DEFAULT 50,
  `volume_out` int(11) DEFAULT 50,
  `is_ptt` tinyint(1) DEFAULT 0,
  `group_ids` longtext CHARACTER SET utf8mb4 COLLATE utf8mb4_bin DEFAULT NULL CHECK (json_valid(`group_ids`)),
  `created_at` timestamp NULL DEFAULT current_timestamp(),
  `updated_at` timestamp NULL DEFAULT current_timestamp() ON UPDATE current_timestamp(),
  PRIMARY KEY (`id`),
  UNIQUE KEY `turret_user_id` (`turret_user_id`,`channel_key`),
  KEY `idx_turret_user` (`turret_user_id`)
) ENGINE=MyISAM AUTO_INCREMENT=8 DEFAULT CHARSET=utf8mb4 COLLATE=utf8mb4_unicode_ci;
/*!40101 SET character_set_client = @saved_cs_client */;

--
-- Table structure for table `turret_group_members`
--

DROP TABLE IF EXISTS `turret_group_members`;
/*!40101 SET @saved_cs_client     = @@character_set_client */;
/*!40101 SET character_set_client = utf8mb4 */;
CREATE TABLE `turret_group_members` (
  `id` bigint(20) unsigned NOT NULL AUTO_INCREMENT,
  `group_id` bigint(20) unsigned NOT NULL,
  `extension` varchar(20) NOT NULL,
  PRIMARY KEY (`id`),
  KEY `group_id` (`group_id`),
  CONSTRAINT `turret_group_members_ibfk_1` FOREIGN KEY (`group_id`) REFERENCES `turret_groups` (`id`) ON DELETE CASCADE
) ENGINE=InnoDB DEFAULT CHARSET=utf8mb4 COLLATE=utf8mb4_unicode_ci;
/*!40101 SET character_set_client = @saved_cs_client */;

--
-- Table structure for table `turret_groups`
--

DROP TABLE IF EXISTS `turret_groups`;
/*!40101 SET @saved_cs_client     = @@character_set_client */;
/*!40101 SET character_set_client = utf8mb4 */;
CREATE TABLE `turret_groups` (
  `id` bigint(20) unsigned NOT NULL AUTO_INCREMENT,
  `name` varchar(100) NOT NULL,
  `description` text DEFAULT NULL,
  `is_active` tinyint(1) DEFAULT 1,
  `created_at` timestamp NULL DEFAULT current_timestamp(),
  `updated_at` timestamp NULL DEFAULT current_timestamp() ON UPDATE current_timestamp(),
  PRIMARY KEY (`id`)
) ENGINE=InnoDB DEFAULT CHARSET=utf8mb4 COLLATE=utf8mb4_unicode_ci;
/*!40101 SET character_set_client = @saved_cs_client */;

--
-- Table structure for table `turret_policies`
--

DROP TABLE IF EXISTS `turret_policies`;
/*!40101 SET @saved_cs_client     = @@character_set_client */;
/*!40101 SET character_set_client = utf8mb4 */;
CREATE TABLE `turret_policies` (
  `id` bigint(20) unsigned NOT NULL AUTO_INCREMENT,
  `name` varchar(100) NOT NULL,
  `max_channels` int(11) DEFAULT 4,
  `allow_recording` tinyint(1) DEFAULT 1,
  `allow_intercom` tinyint(1) DEFAULT 1,
  `allow_group_talk` tinyint(1) DEFAULT 1,
  `allow_external` tinyint(1) DEFAULT 1,
  `description` text DEFAULT NULL,
  `is_active` tinyint(1) DEFAULT 1,
  `created_at` timestamp NULL DEFAULT current_timestamp(),
  `updated_at` timestamp NULL DEFAULT current_timestamp() ON UPDATE current_timestamp(),
  PRIMARY KEY (`id`)
) ENGINE=InnoDB AUTO_INCREMENT=3 DEFAULT CHARSET=utf8mb4 COLLATE=utf8mb4_unicode_ci;
/*!40101 SET character_set_client = @saved_cs_client */;

--
-- Table structure for table `turret_templates`
--

DROP TABLE IF EXISTS `turret_templates`;
/*!40101 SET @saved_cs_client     = @@character_set_client */;
/*!40101 SET character_set_client = utf8mb4 */;
CREATE TABLE `turret_templates` (
  `id` bigint(20) unsigned NOT NULL AUTO_INCREMENT,
  `name` varchar(100) NOT NULL,
  `description` text DEFAULT NULL,
  `layout_json` longtext CHARACTER SET utf8mb4 COLLATE utf8mb4_bin NOT NULL,
  `created_at` timestamp NULL DEFAULT current_timestamp(),
  `updated_at` timestamp NULL DEFAULT current_timestamp() ON UPDATE current_timestamp(),
  PRIMARY KEY (`id`),
  CONSTRAINT `turret_templates_chk_1` CHECK (json_valid(`layout_json`))
) ENGINE=InnoDB DEFAULT CHARSET=utf8mb4 COLLATE=utf8mb4_unicode_ci;
/*!40101 SET character_set_client = @saved_cs_client */;

--
-- Table structure for table `turret_user_phonebooks`
--

DROP TABLE IF EXISTS `turret_user_phonebooks`;
/*!40101 SET @saved_cs_client     = @@character_set_client */;
/*!40101 SET character_set_client = utf8mb4 */;
CREATE TABLE `turret_user_phonebooks` (
  `id` bigint(20) NOT NULL AUTO_INCREMENT,
  `turret_user_id` bigint(20) NOT NULL,
  `name` varchar(255) NOT NULL,
  `phone` varchar(50) NOT NULL,
  `company` varchar(255) DEFAULT NULL,
  `email` varchar(255) DEFAULT NULL,
  `notes` text DEFAULT NULL,
  `is_favourite` tinyint(1) DEFAULT 0,
  `is_archived` tinyint(1) DEFAULT 0,
  `created_at` timestamp NULL DEFAULT current_timestamp(),
  `updated_at` timestamp NULL DEFAULT current_timestamp() ON UPDATE current_timestamp(),
  PRIMARY KEY (`id`),
  KEY `idx_turret_user` (`turret_user_id`),
  KEY `idx_archived` (`is_archived`)
) ENGINE=MyISAM AUTO_INCREMENT=26 DEFAULT CHARSET=utf8mb4 COLLATE=utf8mb4_unicode_ci;
/*!40101 SET character_set_client = @saved_cs_client */;

--
-- Table structure for table `turret_user_preferences`
--

DROP TABLE IF EXISTS `turret_user_preferences`;
/*!40101 SET @saved_cs_client     = @@character_set_client */;
/*!40101 SET character_set_client = utf8mb4 */;
CREATE TABLE `turret_user_preferences` (
  `id` bigint(20) NOT NULL AUTO_INCREMENT,
  `turret_user_id` bigint(20) NOT NULL,
  `preference_key` varchar(100) NOT NULL,
  `preference_value` longtext CHARACTER SET utf8mb4 COLLATE utf8mb4_bin DEFAULT NULL CHECK (json_valid(`preference_value`)),
  `created_at` timestamp NULL DEFAULT current_timestamp(),
  `updated_at` timestamp NULL DEFAULT current_timestamp() ON UPDATE current_timestamp(),
  PRIMARY KEY (`id`),
  UNIQUE KEY `turret_user_id` (`turret_user_id`,`preference_key`),
  KEY `idx_turret_user` (`turret_user_id`)
) ENGINE=MyISAM AUTO_INCREMENT=6 DEFAULT CHARSET=utf8mb4 COLLATE=utf8mb4_unicode_ci;
/*!40101 SET character_set_client = @saved_cs_client */;

--
-- Table structure for table `turret_users`
--

DROP TABLE IF EXISTS `turret_users`;
/*!40101 SET @saved_cs_client     = @@character_set_client */;
/*!40101 SET character_set_client = utf8mb4 */;
CREATE TABLE `turret_users` (
  `id` bigint(20) unsigned NOT NULL AUTO_INCREMENT,
  `name` varchar(100) NOT NULL COMMENT 'Username for turret login',
  `password` varchar(255) NOT NULL,
  `use_ext` varchar(20) DEFAULT NULL COMMENT 'Assigned extension number',
  `is_active` tinyint(1) DEFAULT 1,
  `last_login` timestamp NULL DEFAULT NULL,
  `created_at` timestamp NULL DEFAULT current_timestamp(),
  `updated_at` timestamp NULL DEFAULT current_timestamp() ON UPDATE current_timestamp(),
  PRIMARY KEY (`id`),
  UNIQUE KEY `name` (`name`)
) ENGINE=InnoDB AUTO_INCREMENT=6 DEFAULT CHARSET=utf8mb4 COLLATE=utf8mb4_unicode_ci;
/*!40101 SET character_set_client = @saved_cs_client */;

--
-- Table structure for table `usage_statistics`
--

DROP TABLE IF EXISTS `usage_statistics`;
/*!40101 SET @saved_cs_client     = @@character_set_client */;
/*!40101 SET character_set_client = utf8mb4 */;
CREATE TABLE `usage_statistics` (
  `id` int(11) NOT NULL AUTO_INCREMENT,
  `date` date NOT NULL,
  `branch_id` int(11) DEFAULT NULL,
  `call_server_id` int(11) DEFAULT NULL,
  `extension_number` varchar(20) NOT NULL,
  `line_inbound` int(11) DEFAULT 0,
  `line_outbound` int(11) DEFAULT 0,
  `ext_inbound` int(11) DEFAULT 0,
  `ext_outbound` int(11) DEFAULT 0,
  `vpw_inbound` int(11) DEFAULT 0,
  `vpw_outbound` int(11) DEFAULT 0,
  `cas_inbound` int(11) DEFAULT 0,
  `cas_outbound` int(11) DEFAULT 0,
  `sip_inbound` int(11) DEFAULT 0,
  `sip_outbound` int(11) DEFAULT 0,
  `total_time_inbound` int(11) DEFAULT 0,
  `total_time_outbound` int(11) DEFAULT 0,
  `created_at` timestamp NULL DEFAULT current_timestamp(),
  PRIMARY KEY (`id`),
  UNIQUE KEY `unique_daily_ext` (`date`,`call_server_id`,`extension_number`),
  KEY `idx_date` (`date`),
  KEY `idx_branch` (`branch_id`),
  KEY `idx_call_server` (`call_server_id`)
) ENGINE=InnoDB AUTO_INCREMENT=11 DEFAULT CHARSET=utf8mb4 COLLATE=utf8mb4_unicode_ci;
/*!40101 SET character_set_client = @saved_cs_client */;

--
-- Table structure for table `users`
--

DROP TABLE IF EXISTS `users`;
/*!40101 SET @saved_cs_client     = @@character_set_client */;
/*!40101 SET character_set_client = utf8mb4 */;
CREATE TABLE `users` (
  `id` bigint(20) unsigned NOT NULL AUTO_INCREMENT,
  `name` varchar(100) NOT NULL,
  `email` varchar(100) NOT NULL,
  `profile_image` varchar(255) DEFAULT NULL,
  `password` varchar(255) NOT NULL,
  `role` varchar(20) NOT NULL DEFAULT 'operator',
  `is_active` tinyint(1) DEFAULT 1,
  `last_login` timestamp NULL DEFAULT NULL,
  `created_at` timestamp NULL DEFAULT current_timestamp(),
  `updated_at` timestamp NULL DEFAULT current_timestamp() ON UPDATE current_timestamp(),
  PRIMARY KEY (`id`),
  UNIQUE KEY `email` (`email`)
) ENGINE=MyISAM AUTO_INCREMENT=6 DEFAULT CHARSET=utf8mb4 COLLATE=utf8mb4_unicode_ci;
/*!40101 SET character_set_client = @saved_cs_client */;

--
-- Table structure for table `vpws`
--

DROP TABLE IF EXISTS `vpws`;
/*!40101 SET @saved_cs_client     = @@character_set_client */;
/*!40101 SET character_set_client = utf8mb4 */;
CREATE TABLE `vpws` (
  `id` bigint(20) unsigned NOT NULL AUTO_INCREMENT,
  `call_server_id` int(11) DEFAULT NULL,
  `trunk_id` bigint(20) unsigned DEFAULT NULL,
  `name` varchar(255) DEFAULT NULL,
  `vpw_number` varchar(50) NOT NULL,
  `type` varchar(50) DEFAULT 'point_to_point',
  `source_extension` varchar(50) DEFAULT NULL,
  `destination` varchar(100) DEFAULT NULL,
  `destination_local` tinyint(1) DEFAULT 0,
  `priority` int(11) DEFAULT 0,
  `description` text DEFAULT NULL,
  `is_active` tinyint(1) DEFAULT 1,
  `created_at` timestamp NULL DEFAULT NULL,
  `updated_at` timestamp NULL DEFAULT NULL,
  PRIMARY KEY (`id`)
) ENGINE=InnoDB DEFAULT CHARSET=utf8mb4 COLLATE=utf8mb4_unicode_ci;
/*!40101 SET character_set_client = @saved_cs_client */;
/*!40103 SET TIME_ZONE=@OLD_TIME_ZONE */;

/*!40101 SET SQL_MODE=@OLD_SQL_MODE */;
/*!40014 SET FOREIGN_KEY_CHECKS=@OLD_FOREIGN_KEY_CHECKS */;
/*!40014 SET UNIQUE_CHECKS=@OLD_UNIQUE_CHECKS */;
/*!40101 SET CHARACTER_SET_CLIENT=@OLD_CHARACTER_SET_CLIENT */;
/*!40101 SET CHARACTER_SET_RESULTS=@OLD_CHARACTER_SET_RESULTS */;
/*!40101 SET COLLATION_CONNECTION=@OLD_COLLATION_CONNECTION */;
/*M!100616 SET NOTE_VERBOSITY=@OLD_NOTE_VERBOSITY */;

-- Dump completed on 2026-02-14  4:10:33
/*M!999999\- enable the sandbox mode */ 
-- MariaDB dump 10.19-11.8.3-MariaDB, for debian-linux-gnu (x86_64)
--
-- Host: localhost    Database: db_ucx
-- ------------------------------------------------------
-- Server version	11.8.3-MariaDB-0+deb13u1 from Debian

/*!40101 SET @OLD_CHARACTER_SET_CLIENT=@@CHARACTER_SET_CLIENT */;
/*!40101 SET @OLD_CHARACTER_SET_RESULTS=@@CHARACTER_SET_RESULTS */;
/*!40101 SET @OLD_COLLATION_CONNECTION=@@COLLATION_CONNECTION */;
/*!40101 SET NAMES utf8mb4 */;
/*!40103 SET @OLD_TIME_ZONE=@@TIME_ZONE */;
/*!40103 SET TIME_ZONE='+00:00' */;
/*!40014 SET @OLD_UNIQUE_CHECKS=@@UNIQUE_CHECKS, UNIQUE_CHECKS=0 */;
/*!40014 SET @OLD_FOREIGN_KEY_CHECKS=@@FOREIGN_KEY_CHECKS, FOREIGN_KEY_CHECKS=0 */;
/*!40101 SET @OLD_SQL_MODE=@@SQL_MODE, SQL_MODE='NO_AUTO_VALUE_ON_ZERO' */;
/*M!100616 SET @OLD_NOTE_VERBOSITY=@@NOTE_VERBOSITY, NOTE_VERBOSITY=0 */;

--
-- Table structure for table `activity_logs`
--

DROP TABLE IF EXISTS `activity_logs`;
/*!40101 SET @saved_cs_client     = @@character_set_client */;
/*!40101 SET character_set_client = utf8mb4 */;
CREATE TABLE `activity_logs` (
  `id` int(11) NOT NULL AUTO_INCREMENT,
  `user_id` int(11) DEFAULT NULL,
  `action` varchar(100) NOT NULL,
  `entity_type` varchar(100) DEFAULT NULL,
  `entity_id` int(11) DEFAULT NULL,
  `old_values` text DEFAULT NULL,
  `new_values` text DEFAULT NULL,
  `ip_address` varchar(45) DEFAULT NULL,
  `user_agent` varchar(255) DEFAULT NULL,
  `created_at` timestamp NULL DEFAULT current_timestamp(),
  PRIMARY KEY (`id`),
  KEY `user_id` (`user_id`),
  CONSTRAINT `activity_logs_ibfk_1` FOREIGN KEY (`user_id`) REFERENCES `cms_users` (`id`) ON DELETE SET NULL
) ENGINE=InnoDB AUTO_INCREMENT=103 DEFAULT CHARSET=utf8mb4 COLLATE=utf8mb4_unicode_ci;
/*!40101 SET character_set_client = @saved_cs_client */;

--
-- Dumping data for table `activity_logs`
--

LOCK TABLES `activity_logs` WRITE;
/*!40000 ALTER TABLE `activity_logs` DISABLE KEYS */;
set autocommit=0;
INSERT INTO `activity_logs` VALUES
(1,NULL,'login','auth',NULL,NULL,'{\"email\":\"root@smartcms.local\",\"name\":\"Root Admin\"}','::1','Mozilla/5.0 (Windows NT; Windows NT 10.0; en-US) WindowsPowerShell/5.1.22621.6133','2026-02-01 14:01:47'),
(2,NULL,'logout','auth',NULL,NULL,'{\"email\":\"root@smartcms.local\",\"name\":\"\"}','::1','Mozilla/5.0 (Windows NT 10.0; Win64; x64) AppleWebKit/537.36 (KHTML, like Gecko) Chrome/144.0.0.0 Safari/537.36','2026-02-01 14:12:00'),
(3,NULL,'login','auth',NULL,NULL,'{\"email\":\"root@smartcms.local\",\"name\":\"Root Admin\"}','::1','Mozilla/5.0 (Windows NT 10.0; Win64; x64) AppleWebKit/537.36 (KHTML, like Gecko) Chrome/144.0.0.0 Safari/537.36','2026-02-01 14:12:11'),
(4,NULL,'logout','auth',NULL,NULL,'{\"email\":\"root@smartcms.local\",\"name\":\"Root Admin\"}','::1','Mozilla/5.0 (Windows NT 10.0; Win64; x64) AppleWebKit/537.36 (KHTML, like Gecko) Chrome/144.0.0.0 Safari/537.36','2026-02-01 14:12:27'),
(5,NULL,'login','auth',NULL,NULL,'{\"email\":\"root@smartcms.local\",\"name\":\"Root Admin\"}','::1','Mozilla/5.0 (Windows NT 10.0; Win64; x64) AppleWebKit/537.36 (KHTML, like Gecko) Chrome/144.0.0.0 Safari/537.36','2026-02-01 14:12:52'),
(6,NULL,'login','auth',NULL,NULL,'{\"email\":\"root@smartcms.local\",\"name\":\"Root Admin\"}','::1','Mozilla/5.0 (Windows NT 10.0; Win64; x64) AppleWebKit/537.36 (KHTML, like Gecko) Chrome/144.0.0.0 Safari/537.36','2026-02-01 14:13:51'),
(7,NULL,'logout','auth',NULL,NULL,'{\"email\":\"root@smartcms.local\",\"name\":\"Root Admin\"}','::1','Mozilla/5.0 (Windows NT 10.0; Win64; x64) AppleWebKit/537.36 (KHTML, like Gecko) Chrome/144.0.0.0 Safari/537.36','2026-02-01 14:14:31'),
(8,NULL,'logout','auth',NULL,NULL,'{\"email\":\"cmsadmin@smartx.local\",\"name\":\"\"}','::1','Mozilla/5.0 (Windows NT 10.0; Win64; x64) AppleWebKit/537.36 (KHTML, like Gecko) Chrome/144.0.0.0 Safari/537.36','2026-02-01 14:14:59'),
(9,NULL,'logout','auth',NULL,NULL,'{\"email\":\"cmsadmin@smartx.local\",\"name\":\"\"}','::1','Mozilla/5.0 (Windows NT 10.0; Win64; x64) AppleWebKit/537.36 (KHTML, like Gecko) Chrome/144.0.0.0 Safari/537.36','2026-02-01 14:16:42'),
(10,NULL,'logout','auth',NULL,NULL,'{\"email\":\"root@smartcms.local\",\"name\":\"\"}','::1','Mozilla/5.0 (Windows NT 10.0; Win64; x64) AppleWebKit/537.36 (KHTML, like Gecko) Chrome/144.0.0.0 Safari/537.36','2026-02-01 15:21:41'),
(11,NULL,'login','auth',NULL,NULL,'{\"email\":\"cmsadmin@smartx.local\",\"name\":\"CMS Admin\"}','::1','Mozilla/5.0 (Windows NT 10.0; Win64; x64) AppleWebKit/537.36 (KHTML, like Gecko) Chrome/144.0.0.0 Safari/537.36','2026-02-01 15:21:46'),
(12,NULL,'logout','auth',NULL,NULL,'{\"email\":\"cmsadmin@smartx.local\",\"name\":\"CMS Admin\"}','::1','Mozilla/5.0 (Windows NT 10.0; Win64; x64) AppleWebKit/537.36 (KHTML, like Gecko) Chrome/144.0.0.0 Safari/537.36','2026-02-01 15:21:51'),
(13,NULL,'login','auth',NULL,NULL,'{\"email\":\"root@smartcms.local\",\"name\":\"Root Admin\"}','::1','Mozilla/5.0 (Windows NT 10.0; Win64; x64) AppleWebKit/537.36 (KHTML, like Gecko) Chrome/144.0.0.0 Safari/537.36','2026-02-01 15:21:55'),
(14,1,'login','auth',1,NULL,'{\"email\":\"root@smartcms.local\",\"name\":\"Root Admin\"}','::1','Mozilla/5.0 (Windows NT 10.0; Win64; x64) AppleWebKit/537.36 (KHTML, like Gecko) Chrome/144.0.0.0 Safari/537.36','2026-02-01 15:45:21'),
(15,1,'login','auth',1,NULL,'{\"email\":\"root@smartcms.local\",\"name\":\"Root Admin\"}','::1','Mozilla/5.0 (Windows NT 10.0; Win64; x64) AppleWebKit/537.36 (KHTML, like Gecko) Chrome/144.0.0.0 Safari/537.36','2026-02-01 15:56:12'),
(16,NULL,'logout','auth',NULL,NULL,'{\"email\":\"root@smartcms.local\",\"name\":\"Root Admin\"}','::1','Mozilla/5.0 (Windows NT 10.0; Win64; x64) AppleWebKit/537.36 (KHTML, like Gecko) Chrome/144.0.0.0 Safari/537.36','2026-02-01 15:57:54'),
(17,1,'login','auth',1,NULL,'{\"email\":\"root@smartcms.local\",\"name\":\"Root Admin\"}','::1','Mozilla/5.0 (Windows NT 10.0; Win64; x64) AppleWebKit/537.36 (KHTML, like Gecko) Chrome/144.0.0.0 Safari/537.36','2026-02-01 15:58:24'),
(18,1,'login','auth',1,NULL,'{\"email\":\"root@smartcms.local\",\"name\":\"Root Admin\"}','::1','Mozilla/5.0 (Windows NT; Windows NT 10.0; en-US) WindowsPowerShell/5.1.22621.6133','2026-02-01 18:15:57'),
(19,NULL,'logout','auth',NULL,NULL,'{\"email\":\"cmsadmin@smartx.local\",\"name\":\"\"}','::1','Mozilla/5.0 (Windows NT 10.0; Win64; x64) AppleWebKit/537.36 (KHTML, like Gecko) Chrome/144.0.0.0 Safari/537.36','2026-02-01 18:19:29'),
(20,1,'login','auth',1,NULL,'{\"email\":\"root@smartcms.local\",\"name\":\"Root Admin\"}','::1','Mozilla/5.0 (Windows NT 10.0; Win64; x64) AppleWebKit/537.36 (KHTML, like Gecko) Chrome/144.0.0.0 Safari/537.36','2026-02-01 18:19:33'),
(21,NULL,'logout','auth',NULL,NULL,'{\"email\":\"root@smartcms.local\",\"name\":\"Root Admin\"}','::1','Mozilla/5.0 (Windows NT 10.0; Win64; x64) AppleWebKit/537.36 (KHTML, like Gecko) Chrome/144.0.0.0 Safari/537.36','2026-02-01 18:22:10'),
(27,NULL,'login','auth',2,NULL,'{\"email\":\"cmsadmin@smartx.local\",\"name\":\"CMS Admin\"}','::1','Mozilla/5.0 (Windows NT; Windows NT 10.0; en-US) WindowsPowerShell/5.1.22621.6133','2026-02-01 18:24:31'),
(28,NULL,'login','auth',2,NULL,'{\"email\":\"cmsadmin@smartx.local\",\"name\":\"CMS Admin\"}','::1','Mozilla/5.0 (Windows NT 10.0; Win64; x64) AppleWebKit/537.36 (KHTML, like Gecko) Chrome/144.0.0.0 Safari/537.36','2026-02-01 18:25:18'),
(29,NULL,'logout','auth',NULL,NULL,'{\"email\":\"cmsadmin@smartx.local\",\"name\":\"CMS Admin\"}','::1','Mozilla/5.0 (Windows NT 10.0; Win64; x64) AppleWebKit/537.36 (KHTML, like Gecko) Chrome/144.0.0.0 Safari/537.36','2026-02-01 18:25:38'),
(30,NULL,'login','auth',1,NULL,'{\"email\":\"root@smartcms.local\",\"name\":\"Root Admin\"}','::1','Mozilla/5.0 (Windows NT 10.0; Win64; x64) AppleWebKit/537.36 (KHTML, like Gecko) Chrome/144.0.0.0 Safari/537.36','2026-02-01 18:25:43'),
(31,NULL,'logout','auth',NULL,NULL,'{\"email\":\"root@smartcms.local\",\"name\":\"Root Admin\"}','::1','Mozilla/5.0 (Windows NT 10.0; Win64; x64) AppleWebKit/537.36 (KHTML, like Gecko) Chrome/144.0.0.0 Safari/537.36','2026-02-02 00:12:32'),
(32,NULL,'login','auth',1,NULL,'{\"email\":\"root@smartcms.local\",\"name\":\"Root Admin\"}','::1','Mozilla/5.0 (Windows NT 10.0; Win64; x64) AppleWebKit/537.36 (KHTML, like Gecko) Chrome/144.0.0.0 Safari/537.36','2026-02-02 00:12:35'),
(33,NULL,'login','auth',1,NULL,'{\"email\":\"root@smartcms.local\",\"name\":\"Root Admin\"}','::1','Mozilla/5.0 (Windows NT 10.0; Win64; x64) AppleWebKit/537.36 (KHTML, like Gecko) Chrome/144.0.0.0 Safari/537.36','2026-02-02 00:24:13'),
(34,NULL,'logout','auth',NULL,NULL,'{\"email\":\"root@smartcms.local\",\"name\":\"Root Admin\"}','::1','Mozilla/5.0 (Windows NT 10.0; Win64; x64) AppleWebKit/537.36 (KHTML, like Gecko) Chrome/144.0.0.0 Safari/537.36','2026-02-02 00:29:50'),
(35,NULL,'login','auth',1,NULL,'{\"email\":\"root@smartcms.local\",\"name\":\"Root Admin\"}','::1','Mozilla/5.0 (Windows NT 10.0; Win64; x64) AppleWebKit/537.36 (KHTML, like Gecko) Chrome/144.0.0.0 Safari/537.36','2026-02-02 00:29:52'),
(36,NULL,'logout','auth',NULL,NULL,'{\"email\":\"root@smartcms.local\",\"name\":\"Root Admin\"}','::1','Mozilla/5.0 (Windows NT 10.0; Win64; x64) AppleWebKit/537.36 (KHTML, like Gecko) Chrome/144.0.0.0 Safari/537.36','2026-02-02 00:45:54'),
(37,NULL,'login','auth',1,NULL,'{\"email\":\"root@smartcms.local\",\"name\":\"Root Admin\"}','::1','Mozilla/5.0 (Windows NT 10.0; Win64; x64) AppleWebKit/537.36 (KHTML, like Gecko) Chrome/144.0.0.0 Safari/537.36','2026-02-02 00:45:56'),
(38,NULL,'logout','auth',NULL,NULL,'{\"email\":\"root@smartcms.local\",\"name\":\"Root Admin\"}','::1','Mozilla/5.0 (Windows NT 10.0; Win64; x64) AppleWebKit/537.36 (KHTML, like Gecko) Chrome/144.0.0.0 Safari/537.36','2026-02-02 01:09:17'),
(39,1,'login','auth',1,NULL,'{\"email\":\"root@smartcms.local\",\"name\":\"Root Admin\"}','::1','Mozilla/5.0 (Windows NT 10.0; Win64; x64) AppleWebKit/537.36 (KHTML, like Gecko) Chrome/144.0.0.0 Safari/537.36','2026-02-02 01:12:53'),
(40,1,'update','users',1,NULL,'{\"id\":1,\"name\":\"Root Admin\",\"email\":\"root@smartcms.local\",\"profile_image\":\"user_1769994791_697ffa274a0e1.jpg\",\"password\":\"$2y$10$stMS2vV9t8gJjbe3VAhrdukbK0Ti1KrSOLGTy.UZjKgqjTOb2aPJu\",\"role\":\"admin\",\"is_active\":1,\"last_login\":\"2026-02-02 08:12:53\",\"created_at\":\"2026-02-01 22:37:47\",\"updated_at\":\"2026-02-02 08:12:53\"}','::1','Mozilla/5.0 (Windows NT 10.0; Win64; x64) AppleWebKit/537.36 (KHTML, like Gecko) Chrome/144.0.0.0 Safari/537.36','2026-02-02 01:13:11'),
(41,1,'update','users',1,NULL,'{\"id\":1,\"name\":\"Root Admin\",\"email\":\"root@smartcms.local\",\"profile_image\":\"user_1769994814_697ffa3ed0eb4.jpg\",\"password\":\"$2y$10$UuOc9fL5aomA67RvMsAQieibU.Q\\/.YVNk2ZwZ052pLTyDAUJRcwB2\",\"role\":\"admin\",\"is_active\":1,\"last_login\":\"2026-02-02 08:12:53\",\"created_at\":\"2026-02-01 22:37:47\",\"updated_at\":\"2026-02-02 08:12:53\"}','::1','Mozilla/5.0 (Windows NT 10.0; Win64; x64) AppleWebKit/537.36 (KHTML, like Gecko) Chrome/144.0.0.0 Safari/537.36','2026-02-02 01:13:34'),
(42,NULL,'logout','auth',NULL,NULL,'{\"email\":\"root@smartcms.local\",\"name\":\"Root Admin\"}','::1','Mozilla/5.0 (Windows NT 10.0; Win64; x64) AppleWebKit/537.36 (KHTML, like Gecko) Chrome/144.0.0.0 Safari/537.36','2026-02-02 01:15:19'),
(43,1,'login','auth',1,NULL,'{\"email\":\"root@smartcms.local\",\"name\":\"Root Admin\"}','::1','Mozilla/5.0 (Windows NT 10.0; Win64; x64) AppleWebKit/537.36 (KHTML, like Gecko) Chrome/144.0.0.0 Safari/537.36','2026-02-02 01:15:21'),
(44,1,'update','users',1,NULL,'{\"id\":1,\"name\":\"Root Admin\",\"email\":\"root@smartcms.local\",\"profile_image\":\"user_1769994935_697ffab75a7fa.jpg\",\"password\":\"$2y$10$CyCcGQOCJ3J6Yr3MLyMq.u7NAUu7C6FBqF6hZlm5AV\\/xVaBiNHmQ2\",\"role\":\"admin\",\"is_active\":1,\"last_login\":\"2026-02-02 08:15:21\",\"created_at\":\"2026-02-01 22:37:47\",\"updated_at\":\"2026-02-02 08:15:21\"}','::1','Mozilla/5.0 (Windows NT 10.0; Win64; x64) AppleWebKit/537.36 (KHTML, like Gecko) Chrome/144.0.0.0 Safari/537.36','2026-02-02 01:15:35'),
(45,1,'update','users',1,NULL,'{\"id\":1,\"name\":\"Root Admin\",\"email\":\"root@smartcms.local\",\"profile_image\":\"user_1769994935_697ffab75a7fa.jpg\",\"password\":\"$2y$10$uROCwJdnuQEvAHp0fJyyF.v2jTavZccBeu9GDKd4mIvQDVf1E5yde\",\"role\":\"admin\",\"is_active\":1,\"last_login\":\"2026-02-02 08:15:21\",\"created_at\":\"2026-02-01 22:37:47\",\"updated_at\":\"2026-02-02 08:15:21\"}','::1','Mozilla/5.0 (Windows NT 10.0; Win64; x64) AppleWebKit/537.36 (KHTML, like Gecko) Chrome/144.0.0.0 Safari/537.36','2026-02-02 01:15:46'),
(46,1,'update','users',1,NULL,'{\"id\":1,\"name\":\"Root Admin\",\"email\":\"root@smartcms.local\",\"profile_image\":\"user_1769995225_697ffbd9e4078.jpg\",\"password\":\"$2y$10$ps5kXM6Y.A9JW3mvRkHRTOU9hrZg4\\/LmcQNGICp6XTEHteg4x85lq\",\"role\":\"admin\",\"is_active\":1,\"last_login\":\"2026-02-02 08:15:21\",\"created_at\":\"2026-02-01 22:37:47\",\"updated_at\":\"2026-02-02 08:15:21\"}','::1','Mozilla/5.0 (Windows NT 10.0; Win64; x64) AppleWebKit/537.36 (KHTML, like Gecko) Chrome/144.0.0.0 Safari/537.36','2026-02-02 01:20:25'),
(47,1,'update','users',1,NULL,'{\"id\":1,\"name\":\"Root Admin\",\"email\":\"root@smartcms.local\",\"profile_image\":\"user_1769995349_697ffc551c1b3.jpg\",\"password\":\"$2y$10$RhxdhOeRRYvGP8hL3mSRPe88nWqN26Xf9Ef1ZPmcmnedaZFdrv6zK\",\"role\":\"admin\",\"is_active\":1,\"last_login\":\"2026-02-02 08:15:21\",\"created_at\":\"2026-02-01 22:37:47\",\"updated_at\":\"2026-02-02 08:15:21\"}','::1','Mozilla/5.0 (Windows NT 10.0; Win64; x64) AppleWebKit/537.36 (KHTML, like Gecko) Chrome/144.0.0.0 Safari/537.36','2026-02-02 01:22:29'),
(48,1,'login','auth',1,NULL,'{\"email\":\"root@smartcms.local\",\"name\":\"Root Admin\"}','127.0.0.1','Mozilla/5.0 (Windows NT 10.0; Win64; x64) AppleWebKit/537.36 (KHTML, like Gecko) Chrome/144.0.0.0 Safari/537.36','2026-02-02 11:14:59'),
(50,NULL,'login_failed','auth',NULL,NULL,'{\"email\":\"root@smartx.local\"}','127.0.0.1','Mozilla/5.0 (Linux; Android 10; K) AppleWebKit/537.36 (KHTML, like Gecko) Chrome/144.0.0.0 Mobile Safari/537.36','2026-02-02 23:13:59'),
(53,1,'login','auth',1,NULL,'{\"email\":\"root@smartcms.local\",\"name\":\"Root Admin\"}','127.0.0.1','Mozilla/5.0 (Windows NT 10.0; Win64; x64) AppleWebKit/537.36 (KHTML, like Gecko) Chrome/144.0.0.0 Safari/537.36','2026-02-03 00:06:00'),
(54,1,'login','auth',1,NULL,'{\"email\":\"root@smartcms.local\",\"name\":\"Root Admin\"}','127.0.0.1','Mozilla/5.0 (Windows NT 10.0; Win64; x64) AppleWebKit/537.36 (KHTML, like Gecko) Chrome/144.0.0.0 Safari/537.36','2026-02-03 06:09:28'),
(55,NULL,'login_failed','auth',NULL,NULL,'{\"email\":\"root@smartcms.local\"}','127.0.0.1','Mozilla/5.0 (Windows NT 10.0; Win64; x64) AppleWebKit/537.36 (KHTML, like Gecko) Chrome/144.0.0.0 Safari/537.36','2026-02-03 07:52:11'),
(56,1,'login','auth',1,NULL,'{\"email\":\"root@smartcms.local\",\"name\":\"Root Admin\"}','127.0.0.1','Mozilla/5.0 (Windows NT 10.0; Win64; x64) AppleWebKit/537.36 (KHTML, like Gecko) Chrome/144.0.0.0 Safari/537.36','2026-02-03 07:53:19'),
(57,1,'login','auth',1,NULL,'{\"email\":\"root@smartcms.local\",\"name\":\"Root Admin\"}','127.0.0.1','Mozilla/5.0 (Windows NT 10.0; Win64; x64) AppleWebKit/537.36 (KHTML, like Gecko) Chrome/144.0.0.0 Safari/537.36','2026-02-03 08:16:25'),
(58,1,'login','auth',1,NULL,'{\"email\":\"root@smartcms.local\",\"name\":\"Root Admin\"}','127.0.0.1','Mozilla/5.0 (Windows NT 10.0; Win64; x64) AppleWebKit/537.36 (KHTML, like Gecko) Chrome/144.0.0.0 Safari/537.36','2026-02-03 19:34:24'),
(59,1,'login','auth',1,NULL,'{\"email\":\"root@smartcms.local\",\"name\":\"Root Admin\"}','127.0.0.1','Mozilla/5.0 (Windows NT 10.0; Win64; x64) AppleWebKit/537.36 (KHTML, like Gecko) Chrome/144.0.0.0 Safari/537.36','2026-02-03 19:45:02'),
(60,1,'login','auth',1,NULL,'{\"email\":\"root@smartcms.local\",\"name\":\"Root Admin\"}','127.0.0.1','Mozilla/5.0 (Windows NT 10.0; Win64; x64) AppleWebKit/537.36 (KHTML, like Gecko) Chrome/144.0.0.0 Safari/537.36','2026-02-03 19:48:45'),
(61,1,'login','auth',1,NULL,'{\"email\":\"root@smartcms.local\",\"name\":\"Root Admin\"}','127.0.0.1','Mozilla/5.0 (Windows NT 10.0; Win64; x64) AppleWebKit/537.36 (KHTML, like Gecko) Chrome/144.0.0.0 Safari/537.36','2026-02-03 19:53:14'),
(62,1,'login','auth',1,NULL,'{\"email\":\"root@smartcms.local\",\"name\":\"Root Admin\"}','127.0.0.1','Mozilla/5.0 (Windows NT 10.0; Win64; x64) AppleWebKit/537.36 (KHTML, like Gecko) Chrome/144.0.0.0 Safari/537.36','2026-02-03 20:01:45'),
(63,NULL,'logout','auth',NULL,NULL,'{\"email\":\"root@smartcms.local\",\"name\":\"Root Admin\"}','127.0.0.1','Mozilla/5.0 (Windows NT 10.0; Win64; x64) AppleWebKit/537.36 (KHTML, like Gecko) Chrome/144.0.0.0 Safari/537.36','2026-02-03 20:02:15'),
(65,NULL,'logout','auth',NULL,NULL,'{\"email\":\"root@smartcms.local\",\"name\":\"Root Admin\"}','127.0.0.1','Mozilla/5.0 (Windows NT 10.0; Win64; x64) AppleWebKit/537.36 (KHTML, like Gecko) Chrome/144.0.0.0 Safari/537.36','2026-02-04 11:26:27'),
(67,1,'login','auth',1,NULL,'{\"email\":\"root@smartcms.local\",\"name\":\"Root Admin\"}','::1','Mozilla/5.0 (Windows NT 10.0; Win64; x64) AppleWebKit/537.36 (KHTML, like Gecko) Chrome/144.0.0.0 Safari/537.36','2026-02-04 16:05:37'),
(68,1,'login','auth',1,NULL,'{\"email\":\"root@smartcms.local\",\"name\":\"Root Admin\"}','::1','Mozilla/5.0 (Windows NT 10.0; Win64; x64) AppleWebKit/537.36 (KHTML, like Gecko) Chrome/144.0.0.0 Safari/537.36','2026-02-04 16:48:31'),
(69,1,'login','auth',1,NULL,'{\"email\":\"root@smartcms.local\",\"name\":\"Root Admin\"}','::1','Mozilla/5.0 (Windows NT 10.0; Win64; x64) AppleWebKit/537.36 (KHTML, like Gecko) Chrome/144.0.0.0 Safari/537.36','2026-02-05 05:49:41'),
(70,1,'login','auth',1,NULL,'{\"email\":\"root@smartcms.local\",\"name\":\"Root Admin\"}','127.0.0.1','Mozilla/5.0 (Windows NT 10.0; Win64; x64) AppleWebKit/537.36 (KHTML, like Gecko) Chrome/144.0.0.0 Safari/537.36','2026-02-05 08:05:26'),
(73,1,'login','auth',1,NULL,'{\"email\":\"root@smartcms.local\",\"name\":\"Root Admin\"}','127.0.0.1','Mozilla/5.0 (Windows NT; Windows NT 10.0; en-US) WindowsPowerShell/5.1.22621.6133','2026-02-11 13:37:07'),
(74,NULL,'logout','auth',NULL,NULL,'{\"email\":\"admin@smartx.local\",\"name\":\"Admin User\"}','127.0.0.1','Mozilla/5.0 (Windows NT 10.0; Win64; x64) AppleWebKit/537.36 (KHTML, like Gecko) Chrome/144.0.0.0 Safari/537.36','2026-02-11 13:51:37'),
(76,1,'login','auth',1,NULL,'{\"email\":\"root@smartcms.local\",\"name\":\"Root Admin\"}','127.0.0.1','Mozilla/5.0 (Windows NT 10.0; Win64; x64) AppleWebKit/537.36 (KHTML, like Gecko) Chrome/144.0.0.0 Safari/537.36','2026-02-12 07:33:17'),
(77,1,'login','auth',1,NULL,'{\"email\":\"root@smartcms.local\",\"name\":\"Root Admin\"}','127.0.0.1','Mozilla/5.0 (Windows NT 10.0; Win64; x64) AppleWebKit/537.36 (KHTML, like Gecko) Chrome/144.0.0.0 Safari/537.36','2026-02-12 07:34:09'),
(78,NULL,'login_failed','auth',NULL,NULL,'{\"email\":\"operator@smartx.local\"}','127.0.0.1','Mozilla/5.0 (Windows NT 10.0; Win64; x64) AppleWebKit/537.36 (KHTML, like Gecko) Chrome/144.0.0.0 Safari/537.36','2026-02-12 07:38:01'),
(79,NULL,'login_failed','auth',NULL,NULL,'{\"email\":\"operator@smartx.local\"}','127.0.0.1','Mozilla/5.0 (Windows NT 10.0; Win64; x64) AppleWebKit/537.36 (KHTML, like Gecko) Chrome/144.0.0.0 Safari/537.36','2026-02-12 07:53:43'),
(80,NULL,'login_failed','auth',NULL,NULL,'{\"email\":\"operator@smartx.local\"}','127.0.0.1','Mozilla/5.0 (Windows NT 10.0; Win64; x64) AppleWebKit/537.36 (KHTML, like Gecko) Chrome/144.0.0.0 Safari/537.36','2026-02-12 07:54:03'),
(82,NULL,'logout','auth',NULL,NULL,'{\"email\":\"root@smartcms.local\",\"name\":\"Root Admin\"}','127.0.0.1','Mozilla/5.0 (Windows NT 10.0; Win64; x64) AppleWebKit/537.36 (KHTML, like Gecko) Chrome/144.0.0.0 Safari/537.36','2026-02-12 10:17:37'),
(83,NULL,'login_failed','auth',NULL,NULL,'{\"email\":\"root@smartcms.loca\"}','127.0.0.1','Mozilla/5.0 (Windows NT 10.0; Win64; x64) AppleWebKit/537.36 (KHTML, like Gecko) Chrome/144.0.0.0 Safari/537.36','2026-02-12 10:18:16'),
(84,1,'login','auth',1,NULL,'{\"email\":\"root@smartcms.local\",\"name\":\"Root Admin\"}','127.0.0.1','Mozilla/5.0 (Windows NT 10.0; Win64; x64) AppleWebKit/537.36 (KHTML, like Gecko) Chrome/144.0.0.0 Safari/537.36','2026-02-12 10:20:19'),
(85,NULL,'logout','auth',NULL,NULL,'{\"email\":\"root@smartcms.local\",\"name\":\"Root Admin\"}','127.0.0.1','Mozilla/5.0 (Windows NT 10.0; Win64; x64) AppleWebKit/537.36 (KHTML, like Gecko) Chrome/144.0.0.0 Safari/537.36','2026-02-12 12:15:57'),
(86,1,'login','auth',1,NULL,'{\"email\":\"root@smartcms.local\",\"name\":\"Root Admin\"}','127.0.0.1','Mozilla/5.0 (Windows NT 10.0; Win64; x64) AppleWebKit/537.36 (KHTML, like Gecko) Chrome/144.0.0.0 Safari/537.36','2026-02-12 12:16:02'),
(87,NULL,'logout','auth',NULL,NULL,'{\"email\":\"root@smartcms.local\",\"name\":\"Root Admin\"}','127.0.0.1','Mozilla/5.0 (Windows NT 10.0; Win64; x64) AppleWebKit/537.36 (KHTML, like Gecko) Chrome/144.0.0.0 Safari/537.36','2026-02-12 16:18:56'),
(88,1,'login','auth',1,NULL,'{\"email\":\"root@smartcms.local\",\"name\":\"Root Admin\"}','127.0.0.1','Mozilla/5.0 (Windows NT 10.0; Win64; x64) AppleWebKit/537.36 (KHTML, like Gecko) Chrome/144.0.0.0 Safari/537.36','2026-02-12 16:19:05'),
(90,NULL,'logout','auth',NULL,NULL,'{\"email\":\"operator@smartx.local\",\"name\":\"Operator User\"}','127.0.0.1','Mozilla/5.0 (Windows NT 10.0; Win64; x64) AppleWebKit/537.36 (KHTML, like Gecko) Chrome/144.0.0.0 Safari/537.36','2026-02-13 08:28:52'),
(91,1,'login','auth',1,NULL,'{\"email\":\"root@smartcms.local\",\"name\":\"Root Admin\"}','127.0.0.1','Mozilla/5.0 (Windows NT 10.0; Win64; x64) AppleWebKit/537.36 (KHTML, like Gecko) Chrome/144.0.0.0 Safari/537.36','2026-02-13 08:29:00'),
(92,NULL,'logout','auth',NULL,NULL,'{\"email\":\"root@smartcms.local\",\"name\":\"Root Admin\"}','127.0.0.1','Mozilla/5.0 (Windows NT 10.0; Win64; x64) AppleWebKit/537.36 (KHTML, like Gecko) Chrome/144.0.0.0 Safari/537.36','2026-02-13 09:00:37'),
(93,2,'login','auth',2,NULL,'{\"email\":\"cmsadmin@smartx.local\",\"name\":\"CMS Admin\"}','127.0.0.1','Mozilla/5.0 (Windows NT 10.0; Win64; x64) AppleWebKit/537.36 (KHTML, like Gecko) Chrome/144.0.0.0 Safari/537.36','2026-02-13 09:00:48'),
(94,NULL,'logout','auth',NULL,NULL,'{\"email\":\"cmsadmin@smartx.local\",\"name\":\"CMS Admin\"}','127.0.0.1','Mozilla/5.0 (Windows NT 10.0; Win64; x64) AppleWebKit/537.36 (KHTML, like Gecko) Chrome/144.0.0.0 Safari/537.36','2026-02-13 09:03:29'),
(95,1,'login','auth',1,NULL,'{\"email\":\"root@smartcms.local\",\"name\":\"Root Admin\"}','127.0.0.1','Mozilla/5.0 (Windows NT 10.0; Win64; x64) AppleWebKit/537.36 (KHTML, like Gecko) Chrome/144.0.0.0 Safari/537.36','2026-02-13 09:08:34'),
(96,2,'login','auth',2,NULL,'{\"email\":\"cmsadmin@smartx.local\",\"name\":\"CMS Admin\"}','127.0.0.1','Mozilla/5.0 (Windows NT 10.0; Win64; x64) AppleWebKit/537.36 (KHTML, like Gecko) Chrome/144.0.0.0 Safari/537.36','2026-02-13 09:09:01'),
(97,NULL,'logout','auth',NULL,NULL,'{\"email\":\"cmsadmin@smartx.local\",\"name\":\"CMS Admin\"}','127.0.0.1','Mozilla/5.0 (Windows NT 10.0; Win64; x64) AppleWebKit/537.36 (KHTML, like Gecko) Chrome/144.0.0.0 Safari/537.36','2026-02-13 11:47:50'),
(98,1,'login','auth',1,NULL,'{\"email\":\"root@smartcms.local\",\"name\":\"Root Admin\"}','127.0.0.1','Mozilla/5.0 (Windows NT 10.0; Win64; x64) AppleWebKit/537.36 (KHTML, like Gecko) Chrome/144.0.0.0 Safari/537.36','2026-02-13 11:47:55'),
(99,NULL,'logout','auth',NULL,NULL,'{\"email\":\"admin@smartx.local\",\"name\":\"Admin User\"}','127.0.0.1','Mozilla/5.0 (Linux; Android 10; K) AppleWebKit/537.36 (KHTML, like Gecko) Chrome/144.0.0.0 Mobile Safari/537.36','2026-02-13 14:50:52'),
(101,NULL,'logout','auth',NULL,NULL,'{\"email\":\"root@smartcms.local\",\"name\":\"Root Admin\"}','127.0.0.1','Mozilla/5.0 (Windows NT 10.0; Win64; x64) AppleWebKit/537.36 (KHTML, like Gecko) Chrome/144.0.0.0 Safari/537.36','2026-02-13 19:35:50'),
(102,1,'login','auth',1,NULL,'{\"email\":\"root@smartcms.local\",\"name\":\"Root Admin\"}','127.0.0.1','Mozilla/5.0 (Windows NT 10.0; Win64; x64) AppleWebKit/537.36 (KHTML, like Gecko) Chrome/144.0.0.0 Safari/537.36','2026-02-13 19:35:58');
/*!40000 ALTER TABLE `activity_logs` ENABLE KEYS */;
UNLOCK TABLES;
commit;

--
-- Table structure for table `alarm_notifications`
--

DROP TABLE IF EXISTS `alarm_notifications`;
/*!40101 SET @saved_cs_client     = @@character_set_client */;
/*!40101 SET character_set_client = utf8mb4 */;
CREATE TABLE `alarm_notifications` (
  `id` bigint(20) unsigned NOT NULL AUTO_INCREMENT,
  `type` varchar(20) DEFAULT 'notification',
  `severity` varchar(20) DEFAULT 'low',
  `title` varchar(255) NOT NULL,
  `message` text DEFAULT NULL,
  `is_read` tinyint(1) DEFAULT 0,
  `created_at` timestamp NULL DEFAULT current_timestamp(),
  `updated_at` timestamp NULL DEFAULT current_timestamp() ON UPDATE current_timestamp(),
  PRIMARY KEY (`id`)
) ENGINE=MyISAM DEFAULT CHARSET=utf8mb4 COLLATE=utf8mb4_unicode_ci;
/*!40101 SET character_set_client = @saved_cs_client */;

--
-- Dumping data for table `alarm_notifications`
--

LOCK TABLES `alarm_notifications` WRITE;
/*!40000 ALTER TABLE `alarm_notifications` DISABLE KEYS */;
set autocommit=0;
/*!40000 ALTER TABLE `alarm_notifications` ENABLE KEYS */;
UNLOCK TABLES;
commit;

--
-- Table structure for table `announcements`
--

DROP TABLE IF EXISTS `announcements`;
/*!40101 SET @saved_cs_client     = @@character_set_client */;
/*!40101 SET character_set_client = utf8mb4 */;
CREATE TABLE `announcements` (
  `id` int(11) NOT NULL AUTO_INCREMENT,
  `name` varchar(100) NOT NULL,
  `filename` varchar(255) DEFAULT NULL,
  `created_at` timestamp NULL DEFAULT current_timestamp(),
  PRIMARY KEY (`id`)
) ENGINE=InnoDB DEFAULT CHARSET=utf8mb4 COLLATE=utf8mb4_unicode_ci;
/*!40101 SET character_set_client = @saved_cs_client */;

--
-- Dumping data for table `announcements`
--

LOCK TABLES `announcements` WRITE;
/*!40000 ALTER TABLE `announcements` DISABLE KEYS */;
set autocommit=0;
/*!40000 ALTER TABLE `announcements` ENABLE KEYS */;
UNLOCK TABLES;
commit;

--
-- Table structure for table `black_lists`
--

DROP TABLE IF EXISTS `black_lists`;
/*!40101 SET @saved_cs_client     = @@character_set_client */;
/*!40101 SET character_set_client = utf8mb4 */;
CREATE TABLE `black_lists` (
  `id` int(11) NOT NULL AUTO_INCREMENT,
  `number` varchar(50) NOT NULL,
  `description` varchar(255) DEFAULT NULL,
  `created_at` timestamp NULL DEFAULT current_timestamp(),
  `updated_at` timestamp NULL DEFAULT current_timestamp() ON UPDATE current_timestamp(),
  PRIMARY KEY (`id`)
) ENGINE=InnoDB DEFAULT CHARSET=utf8mb4 COLLATE=utf8mb4_unicode_ci;
/*!40101 SET character_set_client = @saved_cs_client */;

--
-- Dumping data for table `black_lists`
--

LOCK TABLES `black_lists` WRITE;
/*!40000 ALTER TABLE `black_lists` DISABLE KEYS */;
set autocommit=0;
/*!40000 ALTER TABLE `black_lists` ENABLE KEYS */;
UNLOCK TABLES;
commit;

--
-- Table structure for table `branches`
--

DROP TABLE IF EXISTS `branches`;
/*!40101 SET @saved_cs_client     = @@character_set_client */;
/*!40101 SET character_set_client = utf8mb4 */;
CREATE TABLE `branches` (
  `id` int(11) NOT NULL AUTO_INCREMENT,
  `customer_id` int(11) DEFAULT NULL,
  `head_office_id` int(11) DEFAULT NULL,
  `call_server_id` int(11) DEFAULT NULL,
  `sbc_id` int(11) DEFAULT NULL,
  `name` varchar(255) NOT NULL,
  `code` varchar(50) DEFAULT NULL,
  `country` varchar(100) DEFAULT NULL,
  `province` varchar(100) DEFAULT NULL,
  `city` varchar(100) DEFAULT NULL,
  `district` varchar(100) DEFAULT NULL,
  `address` text DEFAULT NULL,
  `contact_name` varchar(255) DEFAULT NULL,
  `contact_phone` varchar(50) DEFAULT NULL,
  `description` text DEFAULT NULL,
  `is_active` tinyint(1) DEFAULT 1,
  `created_at` timestamp NULL DEFAULT current_timestamp(),
  `updated_at` timestamp NULL DEFAULT current_timestamp() ON UPDATE current_timestamp(),
  PRIMARY KEY (`id`),
  KEY `customer_id` (`customer_id`),
  KEY `head_office_id` (`head_office_id`),
  CONSTRAINT `branches_ibfk_1` FOREIGN KEY (`customer_id`) REFERENCES `customers` (`id`) ON DELETE SET NULL,
  CONSTRAINT `branches_ibfk_2` FOREIGN KEY (`head_office_id`) REFERENCES `head_offices` (`id`) ON DELETE SET NULL
) ENGINE=InnoDB AUTO_INCREMENT=2 DEFAULT CHARSET=utf8mb4 COLLATE=utf8mb4_unicode_ci;
/*!40101 SET character_set_client = @saved_cs_client */;

--
-- Dumping data for table `branches`
--

LOCK TABLES `branches` WRITE;
/*!40000 ALTER TABLE `branches` DISABLE KEYS */;
set autocommit=0;
INSERT INTO `branches` VALUES
(1,2,2,3,8,'KAI Cimahi','KAI CMH 01','Indonesia','Jawa Barat','Cimahi','Cimahi Tengah','CImahi Jawa Barat','','','',1,'2026-01-30 09:56:59','2026-02-04 16:17:39');
/*!40000 ALTER TABLE `branches` ENABLE KEYS */;
UNLOCK TABLES;
commit;

--
-- Table structure for table `cache`
--

DROP TABLE IF EXISTS `cache`;
/*!40101 SET @saved_cs_client     = @@character_set_client */;
/*!40101 SET character_set_client = utf8mb4 */;
CREATE TABLE `cache` (
  `key` varchar(191) NOT NULL,
  `value` mediumtext NOT NULL,
  `expiration` int(11) NOT NULL,
  PRIMARY KEY (`key`),
  KEY `cache_expiration_index` (`expiration`)
) ENGINE=InnoDB DEFAULT CHARSET=utf8mb4 COLLATE=utf8mb4_unicode_ci;
/*!40101 SET character_set_client = @saved_cs_client */;

--
-- Dumping data for table `cache`
--

LOCK TABLES `cache` WRITE;
/*!40000 ALTER TABLE `cache` DISABLE KEYS */;
set autocommit=0;
/*!40000 ALTER TABLE `cache` ENABLE KEYS */;
UNLOCK TABLES;
commit;

--
-- Table structure for table `cache_locks`
--

DROP TABLE IF EXISTS `cache_locks`;
/*!40101 SET @saved_cs_client     = @@character_set_client */;
/*!40101 SET character_set_client = utf8mb4 */;
CREATE TABLE `cache_locks` (
  `key` varchar(191) NOT NULL,
  `owner` varchar(191) NOT NULL,
  `expiration` int(11) NOT NULL,
  PRIMARY KEY (`key`),
  KEY `cache_locks_expiration_index` (`expiration`)
) ENGINE=InnoDB DEFAULT CHARSET=utf8mb4 COLLATE=utf8mb4_unicode_ci;
/*!40101 SET character_set_client = @saved_cs_client */;

--
-- Dumping data for table `cache_locks`
--

LOCK TABLES `cache_locks` WRITE;
/*!40000 ALTER TABLE `cache_locks` DISABLE KEYS */;
set autocommit=0;
/*!40000 ALTER TABLE `cache_locks` ENABLE KEYS */;
UNLOCK TABLES;
commit;

--
-- Table structure for table `call_logs`
--

DROP TABLE IF EXISTS `call_logs`;
/*!40101 SET @saved_cs_client     = @@character_set_client */;
/*!40101 SET character_set_client = utf8mb4 */;
CREATE TABLE `call_logs` (
  `id` bigint(20) unsigned NOT NULL AUTO_INCREMENT,
  `caller` varchar(255) NOT NULL,
  `callee` varchar(255) NOT NULL,
  `duration` int(11) NOT NULL DEFAULT 0,
  `status` enum('answered','missed','busy','failed') NOT NULL DEFAULT 'missed',
  `started_at` timestamp NULL DEFAULT NULL,
  `ended_at` timestamp NULL DEFAULT NULL,
  `channel_id` bigint(20) unsigned DEFAULT NULL,
  `created_at` timestamp NULL DEFAULT NULL,
  `updated_at` timestamp NULL DEFAULT NULL,
  PRIMARY KEY (`id`),
  KEY `call_logs_channel_id_index` (`channel_id`),
  KEY `call_logs_created_at_index` (`created_at`)
) ENGINE=InnoDB DEFAULT CHARSET=utf8mb4 COLLATE=utf8mb4_unicode_ci;
/*!40101 SET character_set_client = @saved_cs_client */;

--
-- Dumping data for table `call_logs`
--

LOCK TABLES `call_logs` WRITE;
/*!40000 ALTER TABLE `call_logs` DISABLE KEYS */;
set autocommit=0;
/*!40000 ALTER TABLE `call_logs` ENABLE KEYS */;
UNLOCK TABLES;
commit;

--
-- Table structure for table `call_servers`
--

DROP TABLE IF EXISTS `call_servers`;
/*!40101 SET @saved_cs_client     = @@character_set_client */;
/*!40101 SET character_set_client = utf8mb4 */;
CREATE TABLE `call_servers` (
  `id` int(11) NOT NULL AUTO_INCREMENT,
  `head_office_id` int(11) DEFAULT NULL,
  `name` varchar(255) NOT NULL,
  `host` varchar(255) NOT NULL,
  `port` int(11) DEFAULT 5060,
  `description` text DEFAULT NULL,
  `is_active` tinyint(1) DEFAULT 1,
  `created_at` timestamp NULL DEFAULT current_timestamp(),
  `updated_at` timestamp NULL DEFAULT current_timestamp() ON UPDATE current_timestamp(),
  `type` text DEFAULT NULL,
  `head_office` text DEFAULT NULL,
  `ext_count` text DEFAULT NULL,
  `trunks_count` text DEFAULT NULL,
  `lines_count` text DEFAULT NULL,
  PRIMARY KEY (`id`),
  KEY `head_office_id` (`head_office_id`),
  CONSTRAINT `call_servers_ibfk_1` FOREIGN KEY (`head_office_id`) REFERENCES `head_offices` (`id`) ON DELETE SET NULL
) ENGINE=InnoDB AUTO_INCREMENT=10 DEFAULT CHARSET=utf8mb4 COLLATE=utf8mb4_unicode_ci;
/*!40101 SET character_set_client = @saved_cs_client */;

--
-- Dumping data for table `call_servers`
--

LOCK TABLES `call_servers` WRITE;
/*!40000 ALTER TABLE `call_servers` DISABLE KEYS */;
set autocommit=0;
INSERT INTO `call_servers` VALUES
(3,2,'SmartUCX-2-KAI','103.154.81.102',5060,NULL,1,'2026-01-30 17:53:31','2026-01-30 17:59:39',NULL,NULL,NULL,NULL,NULL),
(4,2,'SmartUCX-3-KAI','103.154.81.103',5060,NULL,1,'2026-01-30 17:53:43','2026-01-30 17:59:48',NULL,NULL,NULL,NULL,NULL),
(9,NULL,'SBC-1-Jakarta','103.154.80.172',5060,NULL,1,'2026-02-13 14:08:36','2026-02-14 08:12:39','sbc',NULL,NULL,NULL,NULL);
/*!40000 ALTER TABLE `call_servers` ENABLE KEYS */;
UNLOCK TABLES;
commit;

--
-- Table structure for table `cas`
--

DROP TABLE IF EXISTS `cas`;
/*!40101 SET @saved_cs_client     = @@character_set_client */;
/*!40101 SET character_set_client = utf8mb4 */;
CREATE TABLE `cas` (
  `id` bigint(20) unsigned NOT NULL AUTO_INCREMENT,
  `call_server_id` int(11) DEFAULT NULL,
  `name` varchar(255) DEFAULT NULL,
  `cas_number` varchar(50) DEFAULT NULL,
  `channel_number` int(11) DEFAULT NULL,
  `signaling_type` varchar(50) DEFAULT NULL,
  `trunk_id` bigint(20) unsigned DEFAULT NULL,
  `span` int(11) DEFAULT NULL,
  `timeslot` int(11) DEFAULT NULL,
  `description` text DEFAULT NULL,
  `destination` varchar(100) DEFAULT NULL,
  `destination_local` tinyint(1) DEFAULT 0,
  `is_active` tinyint(1) DEFAULT 1,
  `created_at` timestamp NULL DEFAULT NULL,
  `updated_at` timestamp NULL DEFAULT NULL,
  PRIMARY KEY (`id`)
) ENGINE=InnoDB AUTO_INCREMENT=6 DEFAULT CHARSET=utf8mb4 COLLATE=utf8mb4_unicode_ci;
/*!40101 SET character_set_client = @saved_cs_client */;

--
-- Dumping data for table `cas`
--

LOCK TABLES `cas` WRITE;
/*!40000 ALTER TABLE `cas` DISABLE KEYS */;
set autocommit=0;
INSERT INTO `cas` VALUES
(1,3,'CAS E1 Port 1','CAS-001',30,'E1',NULL,1,1,NULL,NULL,0,1,NULL,NULL),
(2,3,'CAS E1 Port 2','CAS-002',30,'E1',NULL,1,2,NULL,NULL,0,1,NULL,NULL),
(3,3,'CAS E1 Port 3','CAS-003',30,'E1',NULL,2,1,NULL,NULL,0,1,NULL,NULL),
(4,3,'CAS PRI Link 1','CAS-004',23,'PRI',NULL,1,1,NULL,NULL,0,1,NULL,NULL),
(5,3,'CAS PRI Link 2','CAS-005',23,'PRI',NULL,2,1,NULL,NULL,0,1,NULL,NULL);
/*!40000 ALTER TABLE `cas` ENABLE KEYS */;
UNLOCK TABLES;
commit;

--
-- Table structure for table `cdrs`
--

DROP TABLE IF EXISTS `cdrs`;
/*!40101 SET @saved_cs_client     = @@character_set_client */;
/*!40101 SET character_set_client = utf8mb4 */;
CREATE TABLE `cdrs` (
  `id` bigint(20) unsigned NOT NULL AUTO_INCREMENT,
  `calldate` datetime NOT NULL,
  `clid` varchar(80) NOT NULL DEFAULT '',
  `src` varchar(80) NOT NULL DEFAULT '',
  `dst` varchar(80) NOT NULL DEFAULT '',
  `dcontext` varchar(80) NOT NULL DEFAULT '',
  `channel` varchar(80) NOT NULL DEFAULT '',
  `dstchannel` varchar(80) NOT NULL DEFAULT '',
  `lastapp` varchar(80) NOT NULL DEFAULT '',
  `lastdata` varchar(80) NOT NULL DEFAULT '',
  `duration` int(11) NOT NULL DEFAULT 0,
  `billsec` int(11) NOT NULL DEFAULT 0,
  `disposition` varchar(45) NOT NULL DEFAULT '',
  `amaflags` int(11) NOT NULL DEFAULT 0,
  `accountcode` varchar(20) NOT NULL DEFAULT '',
  `uniqueid` varchar(32) NOT NULL,
  `userfield` varchar(255) NOT NULL DEFAULT '',
  `did` varchar(50) NOT NULL DEFAULT '',
  `recordingfile` varchar(255) NOT NULL DEFAULT '',
  `cnum` varchar(80) NOT NULL DEFAULT '',
  `cnam` varchar(80) NOT NULL DEFAULT '',
  `outbound_cnum` varchar(80) NOT NULL DEFAULT '',
  `outbound_cnam` varchar(80) NOT NULL DEFAULT '',
  `dst_cnam` varchar(80) NOT NULL DEFAULT '',
  `linkedid` varchar(32) NOT NULL DEFAULT '',
  `peeraccount` varchar(80) NOT NULL DEFAULT '',
  `sequence` int(11) NOT NULL DEFAULT 0,
  `created_at` timestamp NULL DEFAULT NULL,
  `updated_at` timestamp NULL DEFAULT NULL,
  PRIMARY KEY (`id`),
  UNIQUE KEY `cdrs_uniqueid_unique` (`uniqueid`),
  KEY `cdrs_calldate_index` (`calldate`),
  KEY `cdrs_src_index` (`src`),
  KEY `cdrs_dst_index` (`dst`)
) ENGINE=InnoDB DEFAULT CHARSET=utf8mb4 COLLATE=utf8mb4_unicode_ci;
/*!40101 SET character_set_client = @saved_cs_client */;

--
-- Dumping data for table `cdrs`
--

LOCK TABLES `cdrs` WRITE;
/*!40000 ALTER TABLE `cdrs` DISABLE KEYS */;
set autocommit=0;
/*!40000 ALTER TABLE `cdrs` ENABLE KEYS */;
UNLOCK TABLES;
commit;

--
-- Table structure for table `cms_groups`
--

DROP TABLE IF EXISTS `cms_groups`;
/*!40101 SET @saved_cs_client     = @@character_set_client */;
/*!40101 SET character_set_client = utf8mb4 */;
CREATE TABLE `cms_groups` (
  `id` int(11) NOT NULL AUTO_INCREMENT,
  `name` varchar(100) NOT NULL,
  `description` varchar(255) DEFAULT NULL,
  `permissions` text DEFAULT NULL,
  `is_active` tinyint(1) DEFAULT 1,
  `created_at` timestamp NULL DEFAULT current_timestamp(),
  `updated_at` timestamp NULL DEFAULT current_timestamp() ON UPDATE current_timestamp(),
  PRIMARY KEY (`id`)
) ENGINE=InnoDB DEFAULT CHARSET=utf8mb4 COLLATE=utf8mb4_unicode_ci;
/*!40101 SET character_set_client = @saved_cs_client */;

--
-- Dumping data for table `cms_groups`
--

LOCK TABLES `cms_groups` WRITE;
/*!40000 ALTER TABLE `cms_groups` DISABLE KEYS */;
set autocommit=0;
/*!40000 ALTER TABLE `cms_groups` ENABLE KEYS */;
UNLOCK TABLES;
commit;

--
-- Table structure for table `cms_users`
--

DROP TABLE IF EXISTS `cms_users`;
/*!40101 SET @saved_cs_client     = @@character_set_client */;
/*!40101 SET character_set_client = utf8mb4 */;
CREATE TABLE `cms_users` (
  `id` int(11) NOT NULL AUTO_INCREMENT,
  `name` varchar(255) NOT NULL,
  `email` varchar(255) NOT NULL,
  `password` varchar(255) NOT NULL,
  `role` enum('admin','operator','viewer') DEFAULT 'viewer',
  `is_active` tinyint(1) DEFAULT 1,
  `last_login` timestamp NULL DEFAULT NULL,
  `created_at` timestamp NULL DEFAULT current_timestamp(),
  `updated_at` timestamp NULL DEFAULT current_timestamp() ON UPDATE current_timestamp(),
  PRIMARY KEY (`id`),
  UNIQUE KEY `email` (`email`)
) ENGINE=InnoDB AUTO_INCREMENT=3 DEFAULT CHARSET=utf8mb4 COLLATE=utf8mb4_unicode_ci;
/*!40101 SET character_set_client = @saved_cs_client */;

--
-- Dumping data for table `cms_users`
--

LOCK TABLES `cms_users` WRITE;
/*!40000 ALTER TABLE `cms_users` DISABLE KEYS */;
set autocommit=0;
INSERT INTO `cms_users` VALUES
(1,'Administrator','admin@smartcms.local','$2y$10$92IXUNpkjO0rOQ5byMi.Ye4oKoEa3Ro9llC/.og/at2.uheWG/igi','admin',1,NULL,'2026-01-29 17:28:18','2026-01-29 17:28:18'),
(2,'Operator User','operator@smartx.local','$2y$10$fr4AjqxNVxomKUoFwVyruunK6sgbaMPoPuxy.gtnZS0AXkuhCupm2','operator',1,NULL,'2026-02-12 07:49:26','2026-02-12 07:49:26');
/*!40000 ALTER TABLE `cms_users` ENABLE KEYS */;
UNLOCK TABLES;
commit;

--
-- Table structure for table `conferences`
--

DROP TABLE IF EXISTS `conferences`;
/*!40101 SET @saved_cs_client     = @@character_set_client */;
/*!40101 SET character_set_client = utf8mb4 */;
CREATE TABLE `conferences` (
  `id` int(11) NOT NULL AUTO_INCREMENT,
  `call_server_id` int(11) DEFAULT NULL,
  `conf_num` varchar(20) NOT NULL,
  `name` varchar(100) DEFAULT NULL,
  `pin` varchar(20) DEFAULT NULL,
  `admin_pin` varchar(20) DEFAULT NULL,
  `options` varchar(255) DEFAULT NULL,
  `is_active` tinyint(1) DEFAULT 1,
  `created_at` timestamp NULL DEFAULT current_timestamp(),
  `updated_at` timestamp NULL DEFAULT current_timestamp() ON UPDATE current_timestamp(),
  PRIMARY KEY (`id`),
  KEY `call_server_id` (`call_server_id`),
  CONSTRAINT `conferences_ibfk_1` FOREIGN KEY (`call_server_id`) REFERENCES `call_servers` (`id`) ON DELETE SET NULL
) ENGINE=InnoDB DEFAULT CHARSET=utf8mb4 COLLATE=utf8mb4_unicode_ci;
/*!40101 SET character_set_client = @saved_cs_client */;

--
-- Dumping data for table `conferences`
--

LOCK TABLES `conferences` WRITE;
/*!40000 ALTER TABLE `conferences` DISABLE KEYS */;
set autocommit=0;
/*!40000 ALTER TABLE `conferences` ENABLE KEYS */;
UNLOCK TABLES;
commit;

--
-- Table structure for table `custom_destinations`
--

DROP TABLE IF EXISTS `custom_destinations`;
/*!40101 SET @saved_cs_client     = @@character_set_client */;
/*!40101 SET character_set_client = utf8mb4 */;
CREATE TABLE `custom_destinations` (
  `id` int(11) NOT NULL AUTO_INCREMENT,
  `target` varchar(100) NOT NULL,
  `description` varchar(255) DEFAULT NULL,
  `notes` text DEFAULT NULL,
  `return_call` tinyint(1) DEFAULT 0,
  `created_at` timestamp NULL DEFAULT current_timestamp(),
  `updated_at` timestamp NULL DEFAULT current_timestamp() ON UPDATE current_timestamp(),
  PRIMARY KEY (`id`)
) ENGINE=InnoDB DEFAULT CHARSET=utf8mb4 COLLATE=utf8mb4_unicode_ci;
/*!40101 SET character_set_client = @saved_cs_client */;

--
-- Dumping data for table `custom_destinations`
--

LOCK TABLES `custom_destinations` WRITE;
/*!40000 ALTER TABLE `custom_destinations` DISABLE KEYS */;
set autocommit=0;
/*!40000 ALTER TABLE `custom_destinations` ENABLE KEYS */;
UNLOCK TABLES;
commit;

--
-- Table structure for table `customers`
--

DROP TABLE IF EXISTS `customers`;
/*!40101 SET @saved_cs_client     = @@character_set_client */;
/*!40101 SET character_set_client = utf8mb4 */;
CREATE TABLE `customers` (
  `id` int(11) NOT NULL AUTO_INCREMENT,
  `name` varchar(255) NOT NULL,
  `code` varchar(50) DEFAULT NULL,
  `contact_person` varchar(255) DEFAULT NULL,
  `email` varchar(255) DEFAULT NULL,
  `phone` varchar(50) DEFAULT NULL,
  `address` text DEFAULT NULL,
  `is_active` tinyint(1) DEFAULT 1,
  `created_at` timestamp NULL DEFAULT current_timestamp(),
  `updated_at` timestamp NULL DEFAULT current_timestamp() ON UPDATE current_timestamp(),
  PRIMARY KEY (`id`)
) ENGINE=InnoDB AUTO_INCREMENT=4 DEFAULT CHARSET=utf8mb4 COLLATE=utf8mb4_unicode_ci;
/*!40101 SET character_set_client = @saved_cs_client */;

--
-- Dumping data for table `customers`
--

LOCK TABLES `customers` WRITE;
/*!40000 ALTER TABLE `customers` DISABLE KEYS */;
set autocommit=0;
INSERT INTO `customers` VALUES
(1,'PT Smart Infinite Prosperity','SIP','Joni Me Ow','joni@smart.com','02150877432','Jakarta, Indonesia',1,'2026-01-29 17:28:18','2026-01-29 17:28:18'),
(2,'PT KAI','KAI IND','Kaimanu','kaimanu@kai,id','123456','Gambir Jakarta',1,'2026-01-29 18:00:14','2026-01-29 18:00:14'),
(3,'PT Garuda','GARUDA IND','Garuda','garuda@garuda.id','123456','Monas Jakarta',1,'2026-01-31 14:03:41','2026-01-31 14:03:41');
/*!40000 ALTER TABLE `customers` ENABLE KEYS */;
UNLOCK TABLES;
commit;

--
-- Table structure for table `dahdi_channels`
--

DROP TABLE IF EXISTS `dahdi_channels`;
/*!40101 SET @saved_cs_client     = @@character_set_client */;
/*!40101 SET character_set_client = utf8mb4 */;
CREATE TABLE `dahdi_channels` (
  `id` int(11) NOT NULL AUTO_INCREMENT,
  `call_server_id` int(11) DEFAULT NULL,
  `channel_type` enum('fxo','fxs','e1','e1_cas') NOT NULL,
  `span` int(11) DEFAULT NULL,
  `channel` int(11) DEFAULT NULL,
  `signalling` varchar(50) DEFAULT NULL,
  `context` varchar(100) DEFAULT NULL,
  `description` varchar(255) DEFAULT NULL,
  `is_active` tinyint(1) DEFAULT 1,
  `created_at` timestamp NULL DEFAULT current_timestamp(),
  `updated_at` timestamp NULL DEFAULT current_timestamp() ON UPDATE current_timestamp(),
  PRIMARY KEY (`id`),
  KEY `call_server_id` (`call_server_id`),
  CONSTRAINT `dahdi_channels_ibfk_1` FOREIGN KEY (`call_server_id`) REFERENCES `call_servers` (`id`) ON DELETE SET NULL
) ENGINE=InnoDB DEFAULT CHARSET=utf8mb4 COLLATE=utf8mb4_unicode_ci;
/*!40101 SET character_set_client = @saved_cs_client */;

--
-- Dumping data for table `dahdi_channels`
--

LOCK TABLES `dahdi_channels` WRITE;
/*!40000 ALTER TABLE `dahdi_channels` DISABLE KEYS */;
set autocommit=0;
/*!40000 ALTER TABLE `dahdi_channels` ENABLE KEYS */;
UNLOCK TABLES;
commit;

--
-- Table structure for table `device_3rd_parties`
--

DROP TABLE IF EXISTS `device_3rd_parties`;
/*!40101 SET @saved_cs_client     = @@character_set_client */;
/*!40101 SET character_set_client = utf8mb4 */;
CREATE TABLE `device_3rd_parties` (
  `id` bigint(20) unsigned NOT NULL AUTO_INCREMENT,
  `name` varchar(255) NOT NULL,
  `mac_address` varchar(17) DEFAULT NULL,
  `ip_address` varchar(15) DEFAULT NULL,
  `device_type` varchar(50) DEFAULT 'ip_phone',
  `manufacturer` varchar(100) DEFAULT NULL,
  `model` varchar(100) DEFAULT NULL,
  `description` text DEFAULT NULL,
  `is_active` tinyint(1) DEFAULT 1,
  `created_at` timestamp NULL DEFAULT NULL,
  `updated_at` timestamp NULL DEFAULT NULL,
  PRIMARY KEY (`id`)
) ENGINE=InnoDB AUTO_INCREMENT=6 DEFAULT CHARSET=utf8mb4 COLLATE=utf8mb4_unicode_ci;
/*!40101 SET character_set_client = @saved_cs_client */;

--
-- Dumping data for table `device_3rd_parties`
--

LOCK TABLES `device_3rd_parties` WRITE;
/*!40000 ALTER TABLE `device_3rd_parties` DISABLE KEYS */;
set autocommit=0;
INSERT INTO `device_3rd_parties` VALUES
(1,'Cisco IP Phone 7821','00:1B:54:AA:BB:01','192.168.100.101','ip_phone','Cisco','7821',NULL,1,NULL,NULL),
(2,'Yealink T46S','80:5E:C0:CC:DD:02','192.168.100.102','ip_phone','Yealink','T46S',NULL,1,NULL,NULL),
(3,'Grandstream GXP2170','00:0B:82:EE:FF:03','192.168.100.103','ip_phone','Grandstream','GXP2170',NULL,1,NULL,NULL),
(4,'Polycom VVX 450','64:16:7F:11:22:04','192.168.100.104','ip_phone','Polycom','VVX 450',NULL,1,NULL,NULL),
(5,'Fanvil X6U','AC:D1:B8:33:44:05','192.168.100.105','ip_phone','Fanvil','X6U',NULL,1,NULL,NULL);
/*!40000 ALTER TABLE `device_3rd_parties` ENABLE KEYS */;
UNLOCK TABLES;
commit;

--
-- Table structure for table `extensions`
--

DROP TABLE IF EXISTS `extensions`;
/*!40101 SET @saved_cs_client     = @@character_set_client */;
/*!40101 SET character_set_client = utf8mb4 */;
CREATE TABLE `extensions` (
  `id` int(11) NOT NULL AUTO_INCREMENT,
  `call_server_id` int(11) DEFAULT NULL,
  `extension` varchar(20) NOT NULL,
  `name` varchar(100) DEFAULT NULL,
  `password` varchar(100) DEFAULT NULL,
  `voicemail` varchar(50) DEFAULT NULL,
  `outbound_cid` varchar(50) DEFAULT NULL,
  `ring_timer` int(11) DEFAULT 30,
  `is_active` tinyint(1) DEFAULT 1,
  `created_at` timestamp NULL DEFAULT current_timestamp(),
  `updated_at` timestamp NULL DEFAULT current_timestamp() ON UPDATE current_timestamp(),
  PRIMARY KEY (`id`),
  KEY `call_server_id` (`call_server_id`),
  CONSTRAINT `extensions_ibfk_1` FOREIGN KEY (`call_server_id`) REFERENCES `call_servers` (`id`) ON DELETE SET NULL
) ENGINE=InnoDB AUTO_INCREMENT=11 DEFAULT CHARSET=utf8mb4 COLLATE=utf8mb4_unicode_ci;
/*!40101 SET character_set_client = @saved_cs_client */;

--
-- Dumping data for table `extensions`
--

LOCK TABLES `extensions` WRITE;
/*!40000 ALTER TABLE `extensions` DISABLE KEYS */;
set autocommit=0;
INSERT INTO `extensions` VALUES
(1,3,'7001','Ext 7001 - SIP','1234',NULL,NULL,30,1,'2026-02-04 11:38:39','2026-02-04 11:38:39'),
(2,3,'7002','Ext 7002 - SIP','1234',NULL,NULL,30,1,'2026-02-04 11:38:39','2026-02-04 11:38:39'),
(3,3,'8001','Ext 8001 - Line','1234',NULL,NULL,30,1,'2026-02-04 11:38:39','2026-02-04 11:38:39'),
(4,3,'8002','Ext 8002 - Line','1234',NULL,NULL,30,1,'2026-02-04 11:38:39','2026-02-04 11:38:39'),
(5,3,'8101','Ext 8101 - Extension','1234',NULL,NULL,30,1,'2026-02-04 11:38:39','2026-02-04 11:38:39'),
(6,3,'8102','Ext 8102 - Extension','1234',NULL,NULL,30,1,'2026-02-04 11:38:39','2026-02-04 11:38:39'),
(7,3,'8201','Ext 8201 - VPW','1234',NULL,NULL,30,1,'2026-02-04 11:38:39','2026-02-04 11:38:39'),
(8,3,'8202','Ext 8202 - VPW','1234',NULL,NULL,30,1,'2026-02-04 11:38:39','2026-02-04 11:38:39'),
(9,3,'8301','Ext 8301 - CAS','1234',NULL,NULL,30,1,'2026-02-04 11:38:39','2026-02-04 11:38:39'),
(10,3,'8302','Ext 8302 - CAS','1234',NULL,NULL,30,1,'2026-02-04 11:38:39','2026-02-04 11:38:39');
/*!40000 ALTER TABLE `extensions` ENABLE KEYS */;
UNLOCK TABLES;
commit;

--
-- Table structure for table `failed_jobs`
--

DROP TABLE IF EXISTS `failed_jobs`;
/*!40101 SET @saved_cs_client     = @@character_set_client */;
/*!40101 SET character_set_client = utf8mb4 */;
CREATE TABLE `failed_jobs` (
  `id` bigint(20) unsigned NOT NULL AUTO_INCREMENT,
  `uuid` varchar(191) NOT NULL,
  `connection` text NOT NULL,
  `queue` text NOT NULL,
  `payload` longtext NOT NULL,
  `exception` longtext NOT NULL,
  `failed_at` timestamp NOT NULL DEFAULT current_timestamp(),
  PRIMARY KEY (`id`),
  UNIQUE KEY `failed_jobs_uuid_unique` (`uuid`)
) ENGINE=InnoDB DEFAULT CHARSET=utf8mb4 COLLATE=utf8mb4_unicode_ci;
/*!40101 SET character_set_client = @saved_cs_client */;

--
-- Dumping data for table `failed_jobs`
--

LOCK TABLES `failed_jobs` WRITE;
/*!40000 ALTER TABLE `failed_jobs` DISABLE KEYS */;
set autocommit=0;
/*!40000 ALTER TABLE `failed_jobs` ENABLE KEYS */;
UNLOCK TABLES;
commit;

--
-- Table structure for table `firewall_rules`
--

DROP TABLE IF EXISTS `firewall_rules`;
/*!40101 SET @saved_cs_client     = @@character_set_client */;
/*!40101 SET character_set_client = utf8mb4 */;
CREATE TABLE `firewall_rules` (
  `id` bigint(20) unsigned NOT NULL AUTO_INCREMENT,
  `name` varchar(100) NOT NULL,
  `protocol` enum('TCP','UDP','ICMP','ALL') DEFAULT 'TCP',
  `port` varchar(50) NOT NULL COMMENT 'Port or range e.g. 5060 or 10000-20000',
  `source` varchar(50) DEFAULT 'Any',
  `action` enum('ACCEPT','DROP','REJECT') DEFAULT 'ACCEPT',
  `priority` int(11) DEFAULT 100,
  `device_type` enum('call_server','sbc','recording') NOT NULL,
  `device_id` bigint(20) unsigned NOT NULL,
  `is_active` tinyint(1) DEFAULT 1,
  `created_at` timestamp NULL DEFAULT current_timestamp(),
  `updated_at` timestamp NULL DEFAULT current_timestamp() ON UPDATE current_timestamp(),
  PRIMARY KEY (`id`)
) ENGINE=InnoDB DEFAULT CHARSET=utf8mb4 COLLATE=utf8mb4_0900_ai_ci;
/*!40101 SET character_set_client = @saved_cs_client */;

--
-- Dumping data for table `firewall_rules`
--

LOCK TABLES `firewall_rules` WRITE;
/*!40000 ALTER TABLE `firewall_rules` DISABLE KEYS */;
set autocommit=0;
/*!40000 ALTER TABLE `firewall_rules` ENABLE KEYS */;
UNLOCK TABLES;
commit;

--
-- Table structure for table `firewalls`
--

DROP TABLE IF EXISTS `firewalls`;
/*!40101 SET @saved_cs_client     = @@character_set_client */;
/*!40101 SET character_set_client = utf8mb4 */;
CREATE TABLE `firewalls` (
  `id` bigint(20) unsigned NOT NULL AUTO_INCREMENT,
  `call_server_id` int(11) DEFAULT NULL,
  `port` varchar(191) NOT NULL,
  `source` varchar(191) NOT NULL DEFAULT 'any',
  `destination` varchar(191) NOT NULL DEFAULT 'any',
  `protocol` varchar(191) NOT NULL,
  `interface` varchar(191) NOT NULL,
  `direction` varchar(191) NOT NULL,
  `action` varchar(191) NOT NULL,
  `comment` varchar(191) DEFAULT NULL,
  `is_enabled` tinyint(1) NOT NULL DEFAULT 1,
  `created_at` timestamp NULL DEFAULT NULL,
  `updated_at` timestamp NULL DEFAULT NULL,
  PRIMARY KEY (`id`),
  KEY `firewalls_call_server_id_foreign` (`call_server_id`),
  CONSTRAINT `firewalls_call_server_id_foreign` FOREIGN KEY (`call_server_id`) REFERENCES `call_servers` (`id`) ON DELETE SET NULL
) ENGINE=InnoDB DEFAULT CHARSET=utf8mb4 COLLATE=utf8mb4_unicode_ci;
/*!40101 SET character_set_client = @saved_cs_client */;

--
-- Dumping data for table `firewalls`
--

LOCK TABLES `firewalls` WRITE;
/*!40000 ALTER TABLE `firewalls` DISABLE KEYS */;
set autocommit=0;
/*!40000 ALTER TABLE `firewalls` ENABLE KEYS */;
UNLOCK TABLES;
commit;

--
-- Table structure for table `head_offices`
--

DROP TABLE IF EXISTS `head_offices`;
/*!40101 SET @saved_cs_client     = @@character_set_client */;
/*!40101 SET character_set_client = utf8mb4 */;
CREATE TABLE `head_offices` (
  `id` int(11) NOT NULL AUTO_INCREMENT,
  `customer_id` int(11) DEFAULT NULL,
  `name` varchar(255) NOT NULL,
  `code` varchar(50) DEFAULT NULL,
  `type` enum('basic','ha','fo') DEFAULT 'basic',
  `country` varchar(100) DEFAULT NULL,
  `province` varchar(100) DEFAULT NULL,
  `city` varchar(100) DEFAULT NULL,
  `district` varchar(100) DEFAULT NULL,
  `address` text DEFAULT NULL,
  `contact_name` varchar(255) DEFAULT NULL,
  `contact_phone` varchar(50) DEFAULT NULL,
  `description` text DEFAULT NULL,
  `is_active` tinyint(1) DEFAULT 1,
  `created_at` timestamp NULL DEFAULT current_timestamp(),
  `updated_at` timestamp NULL DEFAULT current_timestamp() ON UPDATE current_timestamp(),
  `bcp_drc_server_id` int(11) DEFAULT NULL,
  `bcp_drc_enabled` tinyint(1) DEFAULT 0,
  `call_servers_json` text DEFAULT NULL,
  PRIMARY KEY (`id`),
  KEY `customer_id` (`customer_id`),
  CONSTRAINT `head_offices_ibfk_1` FOREIGN KEY (`customer_id`) REFERENCES `customers` (`id`) ON DELETE SET NULL
) ENGINE=InnoDB AUTO_INCREMENT=4 DEFAULT CHARSET=utf8mb4 COLLATE=utf8mb4_unicode_ci;
/*!40101 SET character_set_client = @saved_cs_client */;

--
-- Dumping data for table `head_offices`
--

LOCK TABLES `head_offices` WRITE;
/*!40000 ALTER TABLE `head_offices` DISABLE KEYS */;
set autocommit=0;
INSERT INTO `head_offices` VALUES
(1,1,'HO Jakarta','HO-JKT','ha',NULL,NULL,'Jakarta',NULL,NULL,NULL,NULL,NULL,1,'2026-01-29 17:28:18','2026-01-29 17:28:18',NULL,0,NULL),
(2,2,'HO KAI Indonesia','KAI IND 01','ha','Indonesia','DKI','Jakarta','Jakarta Pusat','Gambir','','','',1,'2026-01-29 18:04:43','2026-01-30 18:00:46',6,0,'[{\"call_server_id\":2,\"is_enabled\":true},{\"call_server_id\":3,\"is_enabled\":true},{\"call_server_id\":4,\"is_enabled\":true}]'),
(3,3,'HO Garuda Indonesia','GAR IND 01','basic','Indonesia','DKI','Jakarta','Jakarta Pusat','Monas','','','',1,'2026-01-31 14:04:48','2026-01-31 14:04:48',1,0,'[{\"call_server_id\":6,\"is_enabled\":true}]');
/*!40000 ALTER TABLE `head_offices` ENABLE KEYS */;
UNLOCK TABLES;
commit;

--
-- Table structure for table `inbound_routes`
--

DROP TABLE IF EXISTS `inbound_routes`;
/*!40101 SET @saved_cs_client     = @@character_set_client */;
/*!40101 SET character_set_client = utf8mb4 */;
CREATE TABLE `inbound_routes` (
  `id` bigint(20) unsigned NOT NULL AUTO_INCREMENT,
  `call_server_id` int(11) DEFAULT NULL,
  `did_number` varchar(191) NOT NULL,
  `description` varchar(191) DEFAULT NULL,
  `trunk_id` bigint(20) unsigned DEFAULT NULL,
  `destination_type` varchar(191) NOT NULL DEFAULT 'extension',
  `destination_id` bigint(20) unsigned DEFAULT NULL,
  `cid_filter` varchar(191) DEFAULT NULL,
  `priority` int(11) NOT NULL DEFAULT 0,
  `is_active` tinyint(1) NOT NULL DEFAULT 1,
  `created_at` timestamp NULL DEFAULT NULL,
  `updated_at` timestamp NULL DEFAULT NULL,
  PRIMARY KEY (`id`),
  KEY `inbound_routes_trunk_id_foreign` (`trunk_id`),
  KEY `inbound_routes_did_number_priority_index` (`did_number`,`priority`),
  KEY `inbound_routes_call_server_id_foreign` (`call_server_id`),
  CONSTRAINT `inbound_routes_call_server_id_foreign` FOREIGN KEY (`call_server_id`) REFERENCES `call_servers` (`id`) ON DELETE SET NULL,
  CONSTRAINT `inbound_routes_trunk_id_foreign` FOREIGN KEY (`trunk_id`) REFERENCES `trunks` (`id`) ON DELETE SET NULL
) ENGINE=InnoDB DEFAULT CHARSET=utf8mb4 COLLATE=utf8mb4_unicode_ci;
/*!40101 SET character_set_client = @saved_cs_client */;

--
-- Dumping data for table `inbound_routes`
--

LOCK TABLES `inbound_routes` WRITE;
/*!40000 ALTER TABLE `inbound_routes` DISABLE KEYS */;
set autocommit=0;
/*!40000 ALTER TABLE `inbound_routes` ENABLE KEYS */;
UNLOCK TABLES;
commit;

--
-- Table structure for table `inbound_routings`
--

DROP TABLE IF EXISTS `inbound_routings`;
/*!40101 SET @saved_cs_client     = @@character_set_client */;
/*!40101 SET character_set_client = utf8mb4 */;
CREATE TABLE `inbound_routings` (
  `id` bigint(20) unsigned NOT NULL AUTO_INCREMENT,
  `call_server_id` int(11) DEFAULT NULL,
  `name` varchar(100) NOT NULL,
  `did_number` varchar(50) DEFAULT NULL,
  `destination` varchar(100) DEFAULT NULL,
  `destination_type` varchar(50) DEFAULT NULL,
  `description` text DEFAULT NULL,
  `is_active` tinyint(1) DEFAULT 1,
  `created_at` timestamp NULL DEFAULT NULL,
  `updated_at` timestamp NULL DEFAULT NULL,
  PRIMARY KEY (`id`)
) ENGINE=InnoDB DEFAULT CHARSET=utf8mb4 COLLATE=utf8mb4_unicode_ci;
/*!40101 SET character_set_client = @saved_cs_client */;

--
-- Dumping data for table `inbound_routings`
--

LOCK TABLES `inbound_routings` WRITE;
/*!40000 ALTER TABLE `inbound_routings` DISABLE KEYS */;
set autocommit=0;
/*!40000 ALTER TABLE `inbound_routings` ENABLE KEYS */;
UNLOCK TABLES;
commit;

--
-- Table structure for table `intercoms`
--

DROP TABLE IF EXISTS `intercoms`;
/*!40101 SET @saved_cs_client     = @@character_set_client */;
/*!40101 SET character_set_client = utf8mb4 */;
CREATE TABLE `intercoms` (
  `id` bigint(20) unsigned NOT NULL AUTO_INCREMENT,
  `call_server_id` int(11) DEFAULT NULL,
  `branch_id` bigint(20) unsigned DEFAULT NULL,
  `name` varchar(191) NOT NULL,
  `extension` varchar(20) DEFAULT NULL,
  `description` text DEFAULT NULL,
  `is_active` tinyint(1) NOT NULL DEFAULT 1,
  `created_at` timestamp NULL DEFAULT NULL,
  `updated_at` timestamp NULL DEFAULT NULL,
  PRIMARY KEY (`id`),
  KEY `intercoms_call_server_id_index` (`call_server_id`),
  KEY `intercoms_branch_id_index` (`branch_id`)
) ENGINE=InnoDB AUTO_INCREMENT=2 DEFAULT CHARSET=utf8mb4 COLLATE=utf8mb4_unicode_ci;
/*!40101 SET character_set_client = @saved_cs_client */;

--
-- Dumping data for table `intercoms`
--

LOCK TABLES `intercoms` WRITE;
/*!40000 ALTER TABLE `intercoms` DISABLE KEYS */;
set autocommit=0;
INSERT INTO `intercoms` VALUES
(1,4,1,'kaimanu','6001',NULL,1,NULL,NULL);
/*!40000 ALTER TABLE `intercoms` ENABLE KEYS */;
UNLOCK TABLES;
commit;

--
-- Table structure for table `ivr`
--

DROP TABLE IF EXISTS `ivr`;
/*!40101 SET @saved_cs_client     = @@character_set_client */;
/*!40101 SET character_set_client = utf8mb4 */;
CREATE TABLE `ivr` (
  `id` int(11) NOT NULL AUTO_INCREMENT,
  `call_server_id` int(11) DEFAULT NULL,
  `name` varchar(100) NOT NULL,
  `description` varchar(255) DEFAULT NULL,
  `announcement` int(11) DEFAULT NULL,
  `direct_dial` varchar(50) DEFAULT NULL,
  `timeout_time` int(11) DEFAULT 10,
  `invalid_loops` int(11) DEFAULT 3,
  `timeout_destination` varchar(255) DEFAULT NULL,
  `invalid_destination` varchar(255) DEFAULT NULL,
  `is_active` tinyint(1) DEFAULT 1,
  `created_at` timestamp NULL DEFAULT current_timestamp(),
  `updated_at` timestamp NULL DEFAULT current_timestamp() ON UPDATE current_timestamp(),
  PRIMARY KEY (`id`),
  KEY `call_server_id` (`call_server_id`),
  CONSTRAINT `ivr_ibfk_1` FOREIGN KEY (`call_server_id`) REFERENCES `call_servers` (`id`) ON DELETE SET NULL
) ENGINE=InnoDB DEFAULT CHARSET=utf8mb4 COLLATE=utf8mb4_unicode_ci;
/*!40101 SET character_set_client = @saved_cs_client */;

--
-- Dumping data for table `ivr`
--

LOCK TABLES `ivr` WRITE;
/*!40000 ALTER TABLE `ivr` DISABLE KEYS */;
set autocommit=0;
/*!40000 ALTER TABLE `ivr` ENABLE KEYS */;
UNLOCK TABLES;
commit;

--
-- Table structure for table `ivr_entries`
--

DROP TABLE IF EXISTS `ivr_entries`;
/*!40101 SET @saved_cs_client     = @@character_set_client */;
/*!40101 SET character_set_client = utf8mb4 */;
CREATE TABLE `ivr_entries` (
  `id` int(11) NOT NULL AUTO_INCREMENT,
  `ivr_id` int(11) DEFAULT NULL,
  `digits` varchar(10) NOT NULL,
  `destination` varchar(255) DEFAULT NULL,
  `return_to_ivr` tinyint(1) DEFAULT 0,
  `created_at` timestamp NULL DEFAULT current_timestamp(),
  `updated_at` timestamp NULL DEFAULT current_timestamp() ON UPDATE current_timestamp(),
  PRIMARY KEY (`id`),
  KEY `ivr_id` (`ivr_id`),
  CONSTRAINT `ivr_entries_ibfk_1` FOREIGN KEY (`ivr_id`) REFERENCES `ivr` (`id`) ON DELETE CASCADE
) ENGINE=InnoDB DEFAULT CHARSET=utf8mb4 COLLATE=utf8mb4_unicode_ci;
/*!40101 SET character_set_client = @saved_cs_client */;

--
-- Dumping data for table `ivr_entries`
--

LOCK TABLES `ivr_entries` WRITE;
/*!40000 ALTER TABLE `ivr_entries` DISABLE KEYS */;
set autocommit=0;
/*!40000 ALTER TABLE `ivr_entries` ENABLE KEYS */;
UNLOCK TABLES;
commit;

--
-- Table structure for table `job_batches`
--

DROP TABLE IF EXISTS `job_batches`;
/*!40101 SET @saved_cs_client     = @@character_set_client */;
/*!40101 SET character_set_client = utf8mb4 */;
CREATE TABLE `job_batches` (
  `id` varchar(191) NOT NULL,
  `name` varchar(191) NOT NULL,
  `total_jobs` int(11) NOT NULL,
  `pending_jobs` int(11) NOT NULL,
  `failed_jobs` int(11) NOT NULL,
  `failed_job_ids` longtext NOT NULL,
  `options` mediumtext DEFAULT NULL,
  `cancelled_at` int(11) DEFAULT NULL,
  `created_at` int(11) NOT NULL,
  `finished_at` int(11) DEFAULT NULL,
  PRIMARY KEY (`id`)
) ENGINE=InnoDB DEFAULT CHARSET=utf8mb4 COLLATE=utf8mb4_unicode_ci;
/*!40101 SET character_set_client = @saved_cs_client */;

--
-- Dumping data for table `job_batches`
--

LOCK TABLES `job_batches` WRITE;
/*!40000 ALTER TABLE `job_batches` DISABLE KEYS */;
set autocommit=0;
/*!40000 ALTER TABLE `job_batches` ENABLE KEYS */;
UNLOCK TABLES;
commit;

--
-- Table structure for table `jobs`
--

DROP TABLE IF EXISTS `jobs`;
/*!40101 SET @saved_cs_client     = @@character_set_client */;
/*!40101 SET character_set_client = utf8mb4 */;
CREATE TABLE `jobs` (
  `id` bigint(20) unsigned NOT NULL AUTO_INCREMENT,
  `queue` varchar(191) NOT NULL,
  `payload` longtext NOT NULL,
  `attempts` tinyint(3) unsigned NOT NULL,
  `reserved_at` int(10) unsigned DEFAULT NULL,
  `available_at` int(10) unsigned NOT NULL,
  `created_at` int(10) unsigned NOT NULL,
  PRIMARY KEY (`id`),
  KEY `jobs_queue_index` (`queue`)
) ENGINE=InnoDB DEFAULT CHARSET=utf8mb4 COLLATE=utf8mb4_unicode_ci;
/*!40101 SET character_set_client = @saved_cs_client */;

--
-- Dumping data for table `jobs`
--

LOCK TABLES `jobs` WRITE;
/*!40000 ALTER TABLE `jobs` DISABLE KEYS */;
set autocommit=0;
/*!40000 ALTER TABLE `jobs` ENABLE KEYS */;
UNLOCK TABLES;
commit;

--
-- Table structure for table `lines`
--

DROP TABLE IF EXISTS `lines`;
/*!40101 SET @saved_cs_client     = @@character_set_client */;
/*!40101 SET character_set_client = utf8mb4 */;
CREATE TABLE `lines` (
  `id` bigint(20) unsigned NOT NULL AUTO_INCREMENT,
  `call_server_id` int(11) DEFAULT NULL,
  `name` varchar(255) NOT NULL,
  `line_number` varchar(255) NOT NULL,
  `type` varchar(50) DEFAULT 'sip',
  `channel_count` int(11) DEFAULT 1,
  `trunk_id` bigint(20) unsigned DEFAULT NULL,
  `description` text DEFAULT NULL,
  `secret` varchar(255) DEFAULT NULL,
  `is_active` tinyint(1) DEFAULT 1,
  `created_at` timestamp NULL DEFAULT NULL,
  `updated_at` timestamp NULL DEFAULT NULL,
  PRIMARY KEY (`id`)
) ENGINE=InnoDB AUTO_INCREMENT=14 DEFAULT CHARSET=utf8mb4 COLLATE=utf8mb4_unicode_ci;
/*!40101 SET character_set_client = @saved_cs_client */;

--
-- Dumping data for table `lines`
--

LOCK TABLES `lines` WRITE;
/*!40000 ALTER TABLE `lines` DISABLE KEYS */;
set autocommit=0;
INSERT INTO `lines` VALUES
(1,8,'kaimanu','110011','sip',1,NULL,NULL,'1234',1,NULL,NULL),
(2,3,'kaimanu','110012','sip',1,NULL,NULL,'1234',1,NULL,NULL),
(3,4,'kaimanu','110013','sip',1,NULL,NULL,'1234',1,NULL,NULL),
(4,3,'kaimanu','110021','sip',1,NULL,NULL,'1234',1,NULL,NULL),
(5,3,'kaimanu','110022','sip',1,NULL,NULL,'1234',1,NULL,NULL),
(6,4,'kaimanu','110023','sip',1,NULL,NULL,'1234',1,NULL,NULL),
(7,8,'Smartono','100011','sip',1,NULL,NULL,'1234',1,NULL,NULL),
(8,3,'Line Jakarta-01','021-5001','sip',4,NULL,NULL,NULL,1,NULL,NULL),
(9,3,'Line Jakarta-02','021-5002','sip',4,NULL,NULL,NULL,1,NULL,NULL),
(10,3,'Line Bandung-01','022-6001','sip',2,NULL,NULL,NULL,1,NULL,NULL),
(11,3,'Line Surabaya-01','031-7001','sip',2,NULL,NULL,NULL,1,NULL,NULL),
(12,4,'Line Medan-01','061-8001','sip',2,NULL,NULL,NULL,1,NULL,NULL),
(13,4,'asdfg','12334','sip',1,NULL,NULL,'XE7M$ep9KU',1,NULL,NULL);
/*!40000 ALTER TABLE `lines` ENABLE KEYS */;
UNLOCK TABLES;
commit;

--
-- Table structure for table `migrations`
--

DROP TABLE IF EXISTS `migrations`;
/*!40101 SET @saved_cs_client     = @@character_set_client */;
/*!40101 SET character_set_client = utf8mb4 */;
CREATE TABLE `migrations` (
  `id` int(10) unsigned NOT NULL AUTO_INCREMENT,
  `migration` varchar(191) NOT NULL,
  `batch` int(11) NOT NULL,
  PRIMARY KEY (`id`)
) ENGINE=InnoDB AUTO_INCREMENT=30 DEFAULT CHARSET=utf8mb4 COLLATE=utf8mb4_unicode_ci;
/*!40101 SET character_set_client = @saved_cs_client */;

--
-- Dumping data for table `migrations`
--

LOCK TABLES `migrations` WRITE;
/*!40000 ALTER TABLE `migrations` DISABLE KEYS */;
set autocommit=0;
INSERT INTO `migrations` VALUES
(1,'0001_01_01_000000_create_users_table',1),
(2,'0001_01_01_000001_create_cache_table',1),
(3,'0001_01_01_000002_create_jobs_table',1),
(4,'2026_01_14_000000_create_extensions_table',1),
(5,'2026_01_14_000001_create_trunks_table',1),
(6,'2026_01_14_000002_create_call_servers_table',1),
(7,'2026_01_14_000003_add_call_server_to_trunks',1),
(8,'2026_01_14_000004_create_outbound_routes_table',1),
(9,'2026_01_14_000005_create_inbound_routes_table',1),
(10,'2026_01_14_000006_add_call_server_to_extensions',1),
(11,'2026_01_14_000007_create_lines_table',1),
(12,'2026_01_14_000008_create_vpws_table',1),
(13,'2026_01_14_000009_create_cas_table',1),
(14,'2026_01_14_000010_add_call_server_to_routes',1),
(15,'2026_01_14_000011_create_customers_table',1),
(16,'2026_01_14_000012_create_head_offices_table',1),
(17,'2026_01_14_000013_create_branches_table',1),
(18,'2026_01_14_000014_add_branch_id_to_extensions_lines',1),
(19,'2026_01_14_000015_add_head_office_to_call_servers',1),
(20,'2026_01_14_000016_remove_call_server_from_head_offices',1),
(21,'2026_01_14_000017_create_intercoms_table',1),
(22,'2026_01_20_000001_create_sbcs_and_private_wires_tables',1),
(23,'2026_01_22_create_firewalls_table',1),
(24,'2026_01_22_create_recording_servers_table',1),
(25,'2026_01_22_create_static_routes_table',1),
(26,'2026_01_23_create_sbc_routes_table',1),
(27,'2026_01_28_012547_create_personal_access_tokens_table',1),
(28,'2026_01_28_165200_create_sub_branches_table',1),
(29,'2026_01_28_170000_create_cdrs_table',1);
/*!40000 ALTER TABLE `migrations` ENABLE KEYS */;
UNLOCK TABLES;
commit;

--
-- Table structure for table `misc_destinations`
--

DROP TABLE IF EXISTS `misc_destinations`;
/*!40101 SET @saved_cs_client     = @@character_set_client */;
/*!40101 SET character_set_client = utf8mb4 */;
CREATE TABLE `misc_destinations` (
  `id` int(11) NOT NULL AUTO_INCREMENT,
  `description` varchar(255) NOT NULL,
  `dial` varchar(100) NOT NULL,
  `created_at` timestamp NULL DEFAULT current_timestamp(),
  `updated_at` timestamp NULL DEFAULT current_timestamp() ON UPDATE current_timestamp(),
  PRIMARY KEY (`id`)
) ENGINE=InnoDB DEFAULT CHARSET=utf8mb4 COLLATE=utf8mb4_unicode_ci;
/*!40101 SET character_set_client = @saved_cs_client */;

--
-- Dumping data for table `misc_destinations`
--

LOCK TABLES `misc_destinations` WRITE;
/*!40000 ALTER TABLE `misc_destinations` DISABLE KEYS */;
set autocommit=0;
/*!40000 ALTER TABLE `misc_destinations` ENABLE KEYS */;
UNLOCK TABLES;
commit;

--
-- Table structure for table `outbound_dial_patterns`
--

DROP TABLE IF EXISTS `outbound_dial_patterns`;
/*!40101 SET @saved_cs_client     = @@character_set_client */;
/*!40101 SET character_set_client = utf8mb4 */;
CREATE TABLE `outbound_dial_patterns` (
  `id` bigint(20) unsigned NOT NULL AUTO_INCREMENT,
  `outbound_routing_id` bigint(20) unsigned NOT NULL,
  `prepend` varchar(50) DEFAULT NULL COMMENT 'Digits to prepend before dialing',
  `prefix` varchar(50) DEFAULT NULL COMMENT 'Prefix to strip from dialed number',
  `match_pattern` varchar(100) DEFAULT NULL COMMENT 'Pattern to match (e.g., 9XXXXXXX)',
  `caller_id` varchar(50) DEFAULT NULL COMMENT 'CallerID to use for this pattern',
  `created_at` timestamp NULL DEFAULT current_timestamp(),
  `updated_at` timestamp NULL DEFAULT current_timestamp() ON UPDATE current_timestamp(),
  PRIMARY KEY (`id`),
  KEY `outbound_routing_id` (`outbound_routing_id`),
  CONSTRAINT `outbound_dial_patterns_ibfk_1` FOREIGN KEY (`outbound_routing_id`) REFERENCES `outbound_routings` (`id`) ON DELETE CASCADE
) ENGINE=InnoDB DEFAULT CHARSET=utf8mb4 COLLATE=utf8mb4_0900_ai_ci;
/*!40101 SET character_set_client = @saved_cs_client */;

--
-- Dumping data for table `outbound_dial_patterns`
--

LOCK TABLES `outbound_dial_patterns` WRITE;
/*!40000 ALTER TABLE `outbound_dial_patterns` DISABLE KEYS */;
set autocommit=0;
/*!40000 ALTER TABLE `outbound_dial_patterns` ENABLE KEYS */;
UNLOCK TABLES;
commit;

--
-- Table structure for table `outbound_routes`
--

DROP TABLE IF EXISTS `outbound_routes`;
/*!40101 SET @saved_cs_client     = @@character_set_client */;
/*!40101 SET character_set_client = utf8mb4 */;
CREATE TABLE `outbound_routes` (
  `id` bigint(20) unsigned NOT NULL AUTO_INCREMENT,
  `call_server_id` int(11) DEFAULT NULL,
  `name` varchar(191) NOT NULL,
  `trunk_id` bigint(20) unsigned NOT NULL,
  `dial_pattern` varchar(191) NOT NULL DEFAULT '.',
  `match_cid` varchar(191) DEFAULT NULL,
  `prepend_digits` varchar(191) DEFAULT NULL,
  `outcid` varchar(191) DEFAULT NULL,
  `priority` int(11) NOT NULL DEFAULT 0,
  `is_active` tinyint(1) NOT NULL DEFAULT 1,
  `description` text DEFAULT NULL,
  `created_at` timestamp NULL DEFAULT NULL,
  `updated_at` timestamp NULL DEFAULT NULL,
  PRIMARY KEY (`id`),
  KEY `outbound_routes_trunk_id_foreign` (`trunk_id`),
  KEY `outbound_routes_priority_index` (`priority`),
  KEY `outbound_routes_call_server_id_foreign` (`call_server_id`),
  CONSTRAINT `outbound_routes_call_server_id_foreign` FOREIGN KEY (`call_server_id`) REFERENCES `call_servers` (`id`) ON DELETE SET NULL,
  CONSTRAINT `outbound_routes_trunk_id_foreign` FOREIGN KEY (`trunk_id`) REFERENCES `trunks` (`id`) ON DELETE CASCADE
) ENGINE=InnoDB DEFAULT CHARSET=utf8mb4 COLLATE=utf8mb4_unicode_ci;
/*!40101 SET character_set_client = @saved_cs_client */;

--
-- Dumping data for table `outbound_routes`
--

LOCK TABLES `outbound_routes` WRITE;
/*!40000 ALTER TABLE `outbound_routes` DISABLE KEYS */;
set autocommit=0;
/*!40000 ALTER TABLE `outbound_routes` ENABLE KEYS */;
UNLOCK TABLES;
commit;

--
-- Table structure for table `outbound_routings`
--

DROP TABLE IF EXISTS `outbound_routings`;
/*!40101 SET @saved_cs_client     = @@character_set_client */;
/*!40101 SET character_set_client = utf8mb4 */;
CREATE TABLE `outbound_routings` (
  `id` bigint(20) unsigned NOT NULL AUTO_INCREMENT,
  `call_server_id` int(11) DEFAULT NULL,
  `name` varchar(100) NOT NULL,
  `dial_pattern` varchar(100) DEFAULT NULL,
  `trunk_id` bigint(20) unsigned DEFAULT NULL,
  `priority` int(11) DEFAULT 0,
  `description` text DEFAULT NULL,
  `is_active` tinyint(1) DEFAULT 1,
  `created_at` timestamp NULL DEFAULT NULL,
  `updated_at` timestamp NULL DEFAULT NULL,
  PRIMARY KEY (`id`)
) ENGINE=InnoDB DEFAULT CHARSET=utf8mb4 COLLATE=utf8mb4_unicode_ci;
/*!40101 SET character_set_client = @saved_cs_client */;

--
-- Dumping data for table `outbound_routings`
--

LOCK TABLES `outbound_routings` WRITE;
/*!40000 ALTER TABLE `outbound_routings` DISABLE KEYS */;
set autocommit=0;
/*!40000 ALTER TABLE `outbound_routings` ENABLE KEYS */;
UNLOCK TABLES;
commit;

--
-- Table structure for table `password_reset_tokens`
--

DROP TABLE IF EXISTS `password_reset_tokens`;
/*!40101 SET @saved_cs_client     = @@character_set_client */;
/*!40101 SET character_set_client = utf8mb4 */;
CREATE TABLE `password_reset_tokens` (
  `email` varchar(191) NOT NULL,
  `token` varchar(191) NOT NULL,
  `created_at` timestamp NULL DEFAULT NULL,
  PRIMARY KEY (`email`)
) ENGINE=InnoDB DEFAULT CHARSET=utf8mb4 COLLATE=utf8mb4_unicode_ci;
/*!40101 SET character_set_client = @saved_cs_client */;

--
-- Dumping data for table `password_reset_tokens`
--

LOCK TABLES `password_reset_tokens` WRITE;
/*!40000 ALTER TABLE `password_reset_tokens` DISABLE KEYS */;
set autocommit=0;
/*!40000 ALTER TABLE `password_reset_tokens` ENABLE KEYS */;
UNLOCK TABLES;
commit;

--
-- Table structure for table `personal_access_tokens`
--

DROP TABLE IF EXISTS `personal_access_tokens`;
/*!40101 SET @saved_cs_client     = @@character_set_client */;
/*!40101 SET character_set_client = utf8mb4 */;
CREATE TABLE `personal_access_tokens` (
  `id` bigint(20) unsigned NOT NULL AUTO_INCREMENT,
  `tokenable_type` varchar(191) NOT NULL,
  `tokenable_id` bigint(20) unsigned NOT NULL,
  `name` text NOT NULL,
  `token` varchar(64) NOT NULL,
  `abilities` text DEFAULT NULL,
  `last_used_at` timestamp NULL DEFAULT NULL,
  `expires_at` timestamp NULL DEFAULT NULL,
  `created_at` timestamp NULL DEFAULT NULL,
  `updated_at` timestamp NULL DEFAULT NULL,
  PRIMARY KEY (`id`),
  UNIQUE KEY `personal_access_tokens_token_unique` (`token`),
  KEY `personal_access_tokens_tokenable_type_tokenable_id_index` (`tokenable_type`,`tokenable_id`),
  KEY `personal_access_tokens_expires_at_index` (`expires_at`)
) ENGINE=InnoDB AUTO_INCREMENT=7 DEFAULT CHARSET=utf8mb4 COLLATE=utf8mb4_unicode_ci;
/*!40101 SET character_set_client = @saved_cs_client */;

--
-- Dumping data for table `personal_access_tokens`
--

LOCK TABLES `personal_access_tokens` WRITE;
/*!40000 ALTER TABLE `personal_access_tokens` DISABLE KEYS */;
set autocommit=0;
INSERT INTO `personal_access_tokens` VALUES
(1,'App\\Models\\User',2,'api-token','7d407e845c046db541d65dac829e9c35ac79db002f91908c61e9f5a3b6534189','[\"*\"]',NULL,NULL,'2026-01-29 06:25:27','2026-01-29 06:25:27'),
(2,'App\\Models\\User',2,'api-token','901c1a676b71acbf1d8f22b9e10da87afd56e458e8901d9c04204cda3835a2b2','[\"*\"]',NULL,NULL,'2026-01-29 06:29:29','2026-01-29 06:29:29'),
(3,'App\\Models\\User',1,'api-token','82337c16d87f3ac1bf4e0cee10b87f04cf1e31e8dcbd30f77b0e5ac420e833fb','[\"*\"]',NULL,NULL,'2026-01-29 06:33:02','2026-01-29 06:33:02'),
(4,'App\\Models\\User',1,'api-token','7a7711eb764910a7904c596252e698ffbb9e79370da52337b8dca511d0746a6c','[\"*\"]',NULL,NULL,'2026-01-29 10:53:58','2026-01-29 10:53:58'),
(5,'App\\Models\\User',1,'api-token','ccb04207d9ce0c310e6e6dcfb11471415c676ebefd7748e977c1f2eb4bdad5db','[\"*\"]',NULL,NULL,'2026-01-29 14:48:33','2026-01-29 14:48:33'),
(6,'App\\Models\\User',1,'api-token','530e735aa3170a62fe242edf3feec203981c62c44f02c2cc9ff0d2ce844748d8','[\"*\"]',NULL,NULL,'2026-01-30 15:40:33','2026-01-30 15:40:33');
/*!40000 ALTER TABLE `personal_access_tokens` ENABLE KEYS */;
UNLOCK TABLES;
commit;

--
-- Table structure for table `phone_directories`
--

DROP TABLE IF EXISTS `phone_directories`;
/*!40101 SET @saved_cs_client     = @@character_set_client */;
/*!40101 SET character_set_client = utf8mb4 */;
CREATE TABLE `phone_directories` (
  `id` bigint(20) unsigned NOT NULL AUTO_INCREMENT,
  `name` varchar(100) NOT NULL,
  `company` varchar(100) DEFAULT NULL,
  `phones` longtext CHARACTER SET utf8mb4 COLLATE utf8mb4_bin NOT NULL,
  `email` varchar(255) DEFAULT NULL,
  `notes` text DEFAULT NULL,
  `is_active` tinyint(1) DEFAULT 1,
  `created_at` timestamp NULL DEFAULT current_timestamp(),
  `updated_at` timestamp NULL DEFAULT current_timestamp() ON UPDATE current_timestamp(),
  PRIMARY KEY (`id`),
  CONSTRAINT `phone_directories_chk_1` CHECK (json_valid(`phones`))
) ENGINE=InnoDB AUTO_INCREMENT=3 DEFAULT CHARSET=utf8mb4 COLLATE=utf8mb4_unicode_ci;
/*!40101 SET character_set_client = @saved_cs_client */;

--
-- Dumping data for table `phone_directories`
--

LOCK TABLES `phone_directories` WRITE;
/*!40000 ALTER TABLE `phone_directories` DISABLE KEYS */;
set autocommit=0;
INSERT INTO `phone_directories` VALUES
(1,'John Doe','Acme Corp','[\"021-1234567\", \"0812-1234567\"]','john@acme.com',NULL,1,'2026-02-03 19:33:29','2026-02-03 19:33:29'),
(2,'Jane Smith','XYZ Bank','[\"021-7654321\"]','jane@xyz.com',NULL,1,'2026-02-03 19:33:29','2026-02-03 19:33:29');
/*!40000 ALTER TABLE `phone_directories` ENABLE KEYS */;
UNLOCK TABLES;
commit;

--
-- Table structure for table `private_wires`
--

DROP TABLE IF EXISTS `private_wires`;
/*!40101 SET @saved_cs_client     = @@character_set_client */;
/*!40101 SET character_set_client = utf8mb4 */;
CREATE TABLE `private_wires` (
  `id` bigint(20) unsigned NOT NULL AUTO_INCREMENT,
  `call_server_id` int(11) DEFAULT NULL,
  `name` varchar(100) NOT NULL,
  `number` varchar(50) DEFAULT NULL,
  `destination` varchar(100) DEFAULT NULL,
  `description` text DEFAULT NULL,
  `is_active` tinyint(1) DEFAULT 1,
  `created_at` timestamp NULL DEFAULT NULL,
  `updated_at` timestamp NULL DEFAULT NULL,
  PRIMARY KEY (`id`)
) ENGINE=InnoDB AUTO_INCREMENT=6 DEFAULT CHARSET=utf8mb4 COLLATE=utf8mb4_unicode_ci;
/*!40101 SET character_set_client = @saved_cs_client */;

--
-- Dumping data for table `private_wires`
--

LOCK TABLES `private_wires` WRITE;
/*!40000 ALTER TABLE `private_wires` DISABLE KEYS */;
set autocommit=0;
INSERT INTO `private_wires` VALUES
(1,3,'VPW HQ-Branch1','9001','Branch Cimahi',NULL,1,NULL,NULL),
(2,3,'VPW HQ-Branch2','9002','Branch Bandung',NULL,1,NULL,NULL),
(3,3,'VPW HQ-Branch3','9003','Branch Surabaya',NULL,1,NULL,NULL),
(4,3,'VPW Regional-01','9004','Regional West',NULL,1,NULL,NULL),
(5,3,'VPW Regional-02','9005','Regional East',NULL,1,NULL,NULL);
/*!40000 ALTER TABLE `private_wires` ENABLE KEYS */;
UNLOCK TABLES;
commit;

--
-- Table structure for table `recording_servers`
--

DROP TABLE IF EXISTS `recording_servers`;
/*!40101 SET @saved_cs_client     = @@character_set_client */;
/*!40101 SET character_set_client = utf8mb4 */;
CREATE TABLE `recording_servers` (
  `id` bigint(20) unsigned NOT NULL AUTO_INCREMENT,
  `call_server_id` int(11) DEFAULT NULL,
  `ip_address` varchar(191) NOT NULL,
  `port` varchar(191) DEFAULT NULL,
  `pbx_system_type` varchar(191) NOT NULL DEFAULT 'None',
  `pbx_system_1` varchar(191) DEFAULT NULL,
  `pbx_system_2` varchar(191) DEFAULT NULL,
  `pbx_system_3` varchar(191) DEFAULT NULL,
  `pbx_system_4` varchar(191) DEFAULT NULL,
  `description` varchar(191) DEFAULT NULL,
  `is_enabled` tinyint(1) NOT NULL DEFAULT 1,
  `created_at` timestamp NULL DEFAULT NULL,
  `updated_at` timestamp NULL DEFAULT NULL,
  PRIMARY KEY (`id`),
  KEY `recording_servers_call_server_id_foreign` (`call_server_id`),
  CONSTRAINT `recording_servers_call_server_id_foreign` FOREIGN KEY (`call_server_id`) REFERENCES `call_servers` (`id`) ON DELETE SET NULL
) ENGINE=InnoDB DEFAULT CHARSET=utf8mb4 COLLATE=utf8mb4_unicode_ci;
/*!40101 SET character_set_client = @saved_cs_client */;

--
-- Dumping data for table `recording_servers`
--

LOCK TABLES `recording_servers` WRITE;
/*!40000 ALTER TABLE `recording_servers` DISABLE KEYS */;
set autocommit=0;
/*!40000 ALTER TABLE `recording_servers` ENABLE KEYS */;
UNLOCK TABLES;
commit;

--
-- Table structure for table `recordings`
--

DROP TABLE IF EXISTS `recordings`;
/*!40101 SET @saved_cs_client     = @@character_set_client */;
/*!40101 SET character_set_client = utf8mb4 */;
CREATE TABLE `recordings` (
  `id` int(11) NOT NULL AUTO_INCREMENT,
  `name` varchar(100) NOT NULL,
  `filename` varchar(255) DEFAULT NULL,
  `created_at` timestamp NULL DEFAULT current_timestamp(),
  PRIMARY KEY (`id`)
) ENGINE=InnoDB DEFAULT CHARSET=utf8mb4 COLLATE=utf8mb4_unicode_ci;
/*!40101 SET character_set_client = @saved_cs_client */;

--
-- Dumping data for table `recordings`
--

LOCK TABLES `recordings` WRITE;
/*!40000 ALTER TABLE `recordings` DISABLE KEYS */;
set autocommit=0;
/*!40000 ALTER TABLE `recordings` ENABLE KEYS */;
UNLOCK TABLES;
commit;

--
-- Table structure for table `ring_groups`
--

DROP TABLE IF EXISTS `ring_groups`;
/*!40101 SET @saved_cs_client     = @@character_set_client */;
/*!40101 SET character_set_client = utf8mb4 */;
CREATE TABLE `ring_groups` (
  `id` int(11) NOT NULL AUTO_INCREMENT,
  `call_server_id` int(11) DEFAULT NULL,
  `grp_num` varchar(20) NOT NULL,
  `description` varchar(100) DEFAULT NULL,
  `strategy` varchar(50) DEFAULT 'ringall',
  `grp_time` int(11) DEFAULT 20,
  `grp_list` text DEFAULT NULL,
  `destination` varchar(255) DEFAULT NULL,
  `is_active` tinyint(1) DEFAULT 1,
  `created_at` timestamp NULL DEFAULT current_timestamp(),
  `updated_at` timestamp NULL DEFAULT current_timestamp() ON UPDATE current_timestamp(),
  PRIMARY KEY (`id`),
  KEY `call_server_id` (`call_server_id`),
  CONSTRAINT `ring_groups_ibfk_1` FOREIGN KEY (`call_server_id`) REFERENCES `call_servers` (`id`) ON DELETE SET NULL
) ENGINE=InnoDB DEFAULT CHARSET=utf8mb4 COLLATE=utf8mb4_unicode_ci;
/*!40101 SET character_set_client = @saved_cs_client */;

--
-- Dumping data for table `ring_groups`
--

LOCK TABLES `ring_groups` WRITE;
/*!40000 ALTER TABLE `ring_groups` DISABLE KEYS */;
set autocommit=0;
/*!40000 ALTER TABLE `ring_groups` ENABLE KEYS */;
UNLOCK TABLES;
commit;

--
-- Table structure for table `role_permissions`
--

DROP TABLE IF EXISTS `role_permissions`;
/*!40101 SET @saved_cs_client     = @@character_set_client */;
/*!40101 SET character_set_client = utf8mb4 */;
CREATE TABLE `role_permissions` (
  `id` int(10) unsigned NOT NULL AUTO_INCREMENT,
  `role` varchar(20) NOT NULL COMMENT 'superroot, root, admin, operator',
  `page_key` varchar(100) NOT NULL COMMENT 'e.g. organization.company',
  `can_view` tinyint(1) NOT NULL DEFAULT 0,
  `can_create` tinyint(1) NOT NULL DEFAULT 0,
  `can_edit` tinyint(1) NOT NULL DEFAULT 0,
  `can_delete` tinyint(1) NOT NULL DEFAULT 0,
  `created_at` timestamp NULL DEFAULT current_timestamp(),
  `updated_at` timestamp NULL DEFAULT current_timestamp() ON UPDATE current_timestamp(),
  PRIMARY KEY (`id`),
  UNIQUE KEY `unique_role_page` (`role`,`page_key`),
  KEY `idx_role` (`role`)
) ENGINE=InnoDB AUTO_INCREMENT=493 DEFAULT CHARSET=utf8mb4 COLLATE=utf8mb4_unicode_ci;
/*!40101 SET character_set_client = @saved_cs_client */;

--
-- Dumping data for table `role_permissions`
--

LOCK TABLES `role_permissions` WRITE;
/*!40000 ALTER TABLE `role_permissions` DISABLE KEYS */;
set autocommit=0;
INSERT INTO `role_permissions` VALUES
(1,'superroot','dashboard',1,1,1,1,'2026-02-11 13:35:21','2026-02-11 13:35:21'),
(2,'superroot','organization.company',1,1,1,1,'2026-02-11 13:35:21','2026-02-11 13:35:21'),
(3,'superroot','organization.head_office',1,1,1,1,'2026-02-11 13:35:21','2026-02-11 13:35:21'),
(4,'superroot','organization.branch',1,1,1,1,'2026-02-11 13:35:21','2026-02-11 13:35:21'),
(5,'superroot','organization.sub_branch',1,1,1,1,'2026-02-11 13:35:21','2026-02-11 13:35:21'),
(6,'superroot','organization.connectivity_diagram',1,1,1,1,'2026-02-11 13:35:21','2026-02-11 13:35:21'),
(7,'superroot','connectivity.lines',1,1,1,1,'2026-02-11 13:35:21','2026-02-11 13:35:21'),
(8,'superroot','connectivity.extensions',1,1,1,1,'2026-02-11 13:35:21','2026-02-11 13:35:21'),
(9,'superroot','connectivity.private_wire',1,1,1,1,'2026-02-11 13:35:21','2026-02-11 13:35:21'),
(10,'superroot','connectivity.cas',1,1,1,1,'2026-02-11 13:35:21','2026-02-11 13:35:21'),
(11,'superroot','connectivity.intercoms',1,1,1,1,'2026-02-11 13:35:21','2026-02-11 13:35:21'),
(12,'superroot','connectivity.call_routing',1,1,1,1,'2026-02-11 13:35:21','2026-02-11 13:35:21'),
(13,'superroot','connectivity.trunk',1,1,1,1,'2026-02-11 13:35:21','2026-02-11 13:35:21'),
(14,'superroot','connectivity.inbound',1,1,1,1,'2026-02-11 13:35:21','2026-02-11 13:35:21'),
(15,'superroot','connectivity.outbound',1,1,1,1,'2026-02-11 13:35:21','2026-02-11 13:35:21'),
(16,'superroot','connectivity.conference',1,1,1,1,'2026-02-11 13:35:21','2026-02-11 13:35:21'),
(17,'superroot','sbc.sbc',1,1,1,1,'2026-02-11 13:35:21','2026-02-11 13:35:21'),
(18,'superroot','sbc.connection',1,1,1,1,'2026-02-11 13:35:21','2026-02-11 13:35:21'),
(19,'superroot','sbc.routing',1,1,1,1,'2026-02-11 13:35:21','2026-02-11 13:35:21'),
(20,'superroot','sbc.status_monitor',1,1,1,1,'2026-02-11 13:35:21','2026-02-11 13:35:21'),
(21,'superroot','turret.users',1,1,1,1,'2026-02-11 13:35:21','2026-02-11 13:35:21'),
(22,'superroot','turret.templates',1,1,1,1,'2026-02-11 13:35:21','2026-02-11 13:35:21'),
(23,'superroot','turret.groups',1,1,1,1,'2026-02-11 13:35:21','2026-02-11 13:35:21'),
(24,'superroot','turret.policies',1,1,1,1,'2026-02-11 13:35:21','2026-02-11 13:35:21'),
(25,'superroot','turret.phone_directory',1,1,1,1,'2026-02-11 13:35:21','2026-02-11 13:35:21'),
(26,'superroot','cms_admin.user_management',1,1,1,1,'2026-02-11 13:35:21','2026-02-11 13:35:21'),
(27,'superroot','cms_admin.group',1,1,1,1,'2026-02-11 13:35:21','2026-02-11 13:35:21'),
(28,'superroot','cms_admin.policy_privilege',1,1,1,1,'2026-02-11 13:35:21','2026-02-11 13:35:21'),
(29,'superroot','cms_admin.layout_customizer',1,1,1,1,'2026-02-11 13:35:21','2026-02-11 13:35:21'),
(30,'superroot','logs.system_log',1,1,1,1,'2026-02-11 13:35:21','2026-02-11 13:35:21'),
(31,'superroot','logs.activity_log',1,1,1,1,'2026-02-11 13:35:21','2026-02-11 13:35:21'),
(32,'superroot','logs.call_log',1,1,1,1,'2026-02-11 13:35:21','2026-02-11 13:35:21'),
(33,'superroot','logs.alarm_notification',1,1,1,1,'2026-02-11 13:35:21','2026-02-11 13:35:21'),
(34,'superroot','network.static_route',1,1,1,1,'2026-02-11 13:35:21','2026-02-11 13:35:21'),
(35,'superroot','network.firewall',1,1,1,1,'2026-02-11 13:35:21','2026-02-11 13:35:21'),
(36,'superroot','backup',1,1,1,1,'2026-02-11 13:35:21','2026-02-11 13:35:21'),
(37,'root','dashboard',1,1,1,1,'2026-02-11 13:35:21','2026-02-11 13:35:21'),
(38,'root','organization.company',0,0,0,0,'2026-02-11 13:35:21','2026-02-13 09:00:10'),
(39,'root','organization.head_office',1,1,1,1,'2026-02-11 13:35:21','2026-02-11 13:35:21'),
(40,'root','organization.branch',1,1,1,1,'2026-02-11 13:35:21','2026-02-11 13:35:21'),
(41,'root','organization.sub_branch',1,1,1,1,'2026-02-11 13:35:21','2026-02-11 13:35:21'),
(42,'root','organization.connectivity_diagram',1,1,1,1,'2026-02-11 13:35:21','2026-02-11 13:35:21'),
(43,'root','connectivity.lines',1,1,1,1,'2026-02-11 13:35:21','2026-02-11 13:35:21'),
(44,'root','connectivity.extensions',1,1,1,1,'2026-02-11 13:35:21','2026-02-11 13:35:21'),
(45,'root','connectivity.private_wire',1,1,1,1,'2026-02-11 13:35:21','2026-02-11 13:35:21'),
(46,'root','connectivity.cas',1,1,1,1,'2026-02-11 13:35:21','2026-02-11 13:35:21'),
(47,'root','connectivity.intercoms',1,1,1,1,'2026-02-11 13:35:21','2026-02-11 13:35:21'),
(48,'root','connectivity.call_routing',1,1,1,1,'2026-02-11 13:35:21','2026-02-11 13:35:21'),
(49,'root','connectivity.trunk',1,1,1,1,'2026-02-11 13:35:21','2026-02-11 13:35:21'),
(50,'root','connectivity.inbound',1,1,1,1,'2026-02-11 13:35:21','2026-02-11 13:35:21'),
(51,'root','connectivity.outbound',1,1,1,1,'2026-02-11 13:35:21','2026-02-11 13:35:21'),
(52,'root','connectivity.conference',1,1,1,1,'2026-02-11 13:35:21','2026-02-11 13:35:21'),
(53,'root','sbc.sbc',1,1,1,1,'2026-02-11 13:35:21','2026-02-11 13:35:21'),
(54,'root','sbc.connection',1,1,1,1,'2026-02-11 13:35:21','2026-02-11 13:35:21'),
(55,'root','sbc.routing',1,1,1,1,'2026-02-11 13:35:21','2026-02-11 13:35:21'),
(56,'root','sbc.status_monitor',1,1,1,1,'2026-02-11 13:35:21','2026-02-11 13:35:21'),
(57,'root','turret.users',1,1,1,1,'2026-02-11 13:35:21','2026-02-11 13:35:21'),
(58,'root','turret.templates',1,1,1,1,'2026-02-11 13:35:21','2026-02-11 13:35:21'),
(59,'root','turret.groups',1,1,1,1,'2026-02-11 13:35:21','2026-02-11 13:35:21'),
(60,'root','turret.policies',1,1,1,1,'2026-02-11 13:35:21','2026-02-11 13:35:21'),
(61,'root','turret.phone_directory',1,1,1,1,'2026-02-11 13:35:21','2026-02-11 13:35:21'),
(62,'root','cms_admin.user_management',1,1,1,1,'2026-02-11 13:35:21','2026-02-11 13:35:21'),
(63,'root','cms_admin.group',1,1,1,1,'2026-02-11 13:35:21','2026-02-11 13:35:21'),
(64,'root','cms_admin.policy_privilege',1,1,1,1,'2026-02-11 13:35:21','2026-02-13 09:00:11'),
(65,'root','cms_admin.layout_customizer',1,1,0,0,'2026-02-11 13:35:21','2026-02-13 09:00:11'),
(66,'root','logs.system_log',1,0,0,0,'2026-02-11 13:35:21','2026-02-11 13:35:21'),
(67,'root','logs.activity_log',1,0,0,0,'2026-02-11 13:35:21','2026-02-11 13:35:21'),
(68,'root','logs.call_log',1,0,0,0,'2026-02-11 13:35:21','2026-02-11 13:35:21'),
(69,'root','logs.alarm_notification',1,0,0,0,'2026-02-11 13:35:21','2026-02-11 13:35:21'),
(70,'root','network.static_route',1,1,1,1,'2026-02-11 13:35:21','2026-02-11 13:35:21'),
(71,'root','network.firewall',1,1,1,1,'2026-02-11 13:35:21','2026-02-11 13:35:21'),
(72,'root','backup',1,1,1,0,'2026-02-11 13:35:21','2026-02-11 13:35:21'),
(73,'admin','dashboard',1,0,0,0,'2026-02-11 13:35:21','2026-02-11 13:35:21'),
(74,'admin','organization.company',1,0,0,0,'2026-02-11 13:35:21','2026-02-11 13:35:21'),
(75,'admin','organization.head_office',1,1,1,0,'2026-02-11 13:35:21','2026-02-11 13:35:21'),
(76,'admin','organization.branch',1,1,1,0,'2026-02-11 13:35:21','2026-02-11 13:35:21'),
(77,'admin','organization.sub_branch',1,1,1,0,'2026-02-11 13:35:21','2026-02-11 13:35:21'),
(78,'admin','organization.connectivity_diagram',1,0,0,0,'2026-02-11 13:35:21','2026-02-11 13:35:21'),
(79,'admin','connectivity.lines',1,1,1,0,'2026-02-11 13:35:21','2026-02-11 13:35:21'),
(80,'admin','connectivity.extensions',1,1,1,0,'2026-02-11 13:35:21','2026-02-11 13:35:21'),
(81,'admin','connectivity.private_wire',1,1,1,0,'2026-02-11 13:35:21','2026-02-11 13:35:21'),
(82,'admin','connectivity.cas',1,1,1,0,'2026-02-11 13:35:21','2026-02-11 13:35:21'),
(83,'admin','connectivity.intercoms',1,1,1,0,'2026-02-11 13:35:21','2026-02-11 13:35:21'),
(84,'admin','connectivity.call_routing',1,0,0,0,'2026-02-11 13:35:21','2026-02-11 13:35:21'),
(85,'admin','connectivity.trunk',1,1,1,0,'2026-02-11 13:35:21','2026-02-11 13:35:21'),
(86,'admin','connectivity.inbound',1,1,1,0,'2026-02-11 13:35:21','2026-02-11 13:35:21'),
(87,'admin','connectivity.outbound',1,1,1,0,'2026-02-11 13:35:21','2026-02-11 13:35:21'),
(88,'admin','connectivity.conference',1,1,1,0,'2026-02-11 13:35:21','2026-02-11 13:35:21'),
(89,'admin','sbc.sbc',1,0,0,0,'2026-02-11 13:35:21','2026-02-11 13:35:21'),
(90,'admin','sbc.connection',1,0,0,0,'2026-02-11 13:35:21','2026-02-11 13:35:21'),
(91,'admin','sbc.routing',1,0,0,0,'2026-02-11 13:35:21','2026-02-11 13:35:21'),
(92,'admin','sbc.status_monitor',1,0,0,0,'2026-02-11 13:35:21','2026-02-11 13:35:21'),
(93,'admin','turret.users',1,1,1,0,'2026-02-11 13:35:21','2026-02-11 13:35:21'),
(94,'admin','turret.templates',1,0,0,0,'2026-02-11 13:35:21','2026-02-11 13:35:21'),
(95,'admin','turret.groups',1,1,1,0,'2026-02-11 13:35:21','2026-02-11 13:35:21'),
(96,'admin','turret.policies',1,0,0,0,'2026-02-11 13:35:21','2026-02-11 13:35:21'),
(97,'admin','turret.phone_directory',1,1,1,0,'2026-02-11 13:35:21','2026-02-11 13:35:21'),
(98,'admin','cms_admin.user_management',0,0,0,0,'2026-02-11 13:35:21','2026-02-11 13:35:21'),
(99,'admin','cms_admin.group',0,0,0,0,'2026-02-11 13:35:21','2026-02-11 13:35:21'),
(100,'admin','cms_admin.policy_privilege',0,0,0,0,'2026-02-11 13:35:21','2026-02-11 13:35:21'),
(101,'admin','cms_admin.layout_customizer',0,0,0,0,'2026-02-11 13:35:21','2026-02-11 13:35:21'),
(102,'admin','logs.system_log',1,0,0,0,'2026-02-11 13:35:21','2026-02-11 13:35:21'),
(103,'admin','logs.activity_log',1,0,0,0,'2026-02-11 13:35:21','2026-02-11 13:35:21'),
(104,'admin','logs.call_log',1,0,0,0,'2026-02-11 13:35:21','2026-02-11 13:35:21'),
(105,'admin','logs.alarm_notification',1,0,0,0,'2026-02-11 13:35:21','2026-02-11 13:35:21'),
(106,'admin','network.static_route',0,0,0,0,'2026-02-11 13:35:21','2026-02-11 13:35:21'),
(107,'admin','network.firewall',0,0,0,0,'2026-02-11 13:35:21','2026-02-11 13:35:21'),
(108,'admin','backup',0,0,0,0,'2026-02-11 13:35:21','2026-02-11 13:35:21'),
(109,'operator','dashboard',1,0,0,0,'2026-02-11 13:35:21','2026-02-11 13:35:21'),
(110,'operator','organization.company',1,0,0,0,'2026-02-11 13:35:21','2026-02-11 13:35:21'),
(111,'operator','organization.head_office',1,0,0,0,'2026-02-11 13:35:21','2026-02-11 13:35:21'),
(112,'operator','organization.branch',1,0,0,0,'2026-02-11 13:35:21','2026-02-11 13:35:21'),
(113,'operator','organization.sub_branch',1,0,0,0,'2026-02-11 13:35:21','2026-02-11 13:35:21'),
(114,'operator','organization.connectivity_diagram',1,0,0,0,'2026-02-11 13:35:21','2026-02-11 13:35:21'),
(115,'operator','connectivity.lines',1,0,0,0,'2026-02-11 13:35:21','2026-02-11 13:35:21'),
(116,'operator','connectivity.extensions',1,0,0,0,'2026-02-11 13:35:21','2026-02-11 13:35:21'),
(117,'operator','connectivity.private_wire',1,0,0,0,'2026-02-11 13:35:21','2026-02-11 13:35:21'),
(118,'operator','connectivity.cas',1,0,0,0,'2026-02-11 13:35:21','2026-02-11 13:35:21'),
(119,'operator','connectivity.intercoms',1,0,0,0,'2026-02-11 13:35:21','2026-02-11 13:35:21'),
(120,'operator','connectivity.call_routing',0,0,0,0,'2026-02-11 13:35:21','2026-02-11 13:35:21'),
(121,'operator','connectivity.trunk',1,0,0,0,'2026-02-11 13:35:21','2026-02-11 13:35:21'),
(122,'operator','connectivity.inbound',0,0,0,0,'2026-02-11 13:35:21','2026-02-11 13:35:21'),
(123,'operator','connectivity.outbound',0,0,0,0,'2026-02-11 13:35:21','2026-02-11 13:35:21'),
(124,'operator','connectivity.conference',1,0,0,0,'2026-02-11 13:35:21','2026-02-11 13:35:21'),
(125,'operator','sbc.sbc',0,0,0,0,'2026-02-11 13:35:21','2026-02-11 13:35:21'),
(126,'operator','sbc.connection',0,0,0,0,'2026-02-11 13:35:21','2026-02-11 13:35:21'),
(127,'operator','sbc.routing',0,0,0,0,'2026-02-11 13:35:21','2026-02-11 13:35:21'),
(128,'operator','sbc.status_monitor',0,0,0,0,'2026-02-11 13:35:21','2026-02-11 13:35:21'),
(129,'operator','turret.users',0,0,0,0,'2026-02-11 13:35:21','2026-02-11 13:35:21'),
(130,'operator','turret.templates',0,0,0,0,'2026-02-11 13:35:21','2026-02-11 13:35:21'),
(131,'operator','turret.groups',0,0,0,0,'2026-02-11 13:35:21','2026-02-11 13:35:21'),
(132,'operator','turret.policies',0,0,0,0,'2026-02-11 13:35:21','2026-02-11 13:35:21'),
(133,'operator','turret.phone_directory',1,0,0,0,'2026-02-11 13:35:21','2026-02-11 13:35:21'),
(134,'operator','cms_admin.user_management',0,0,0,0,'2026-02-11 13:35:21','2026-02-11 13:35:21'),
(135,'operator','cms_admin.group',0,0,0,0,'2026-02-11 13:35:21','2026-02-11 13:35:21'),
(136,'operator','cms_admin.policy_privilege',0,0,0,0,'2026-02-11 13:35:21','2026-02-11 13:35:21'),
(137,'operator','cms_admin.layout_customizer',0,0,0,0,'2026-02-11 13:35:21','2026-02-11 13:35:21'),
(138,'operator','logs.system_log',0,0,0,0,'2026-02-11 13:35:21','2026-02-11 13:35:21'),
(139,'operator','logs.activity_log',0,0,0,0,'2026-02-11 13:35:21','2026-02-11 13:35:21'),
(140,'operator','logs.call_log',0,0,0,0,'2026-02-11 13:35:21','2026-02-12 07:34:50'),
(141,'operator','logs.alarm_notification',0,0,0,0,'2026-02-11 13:35:21','2026-02-11 13:35:21'),
(142,'operator','network.static_route',0,0,0,0,'2026-02-11 13:35:21','2026-02-11 13:35:21'),
(143,'operator','network.firewall',0,0,0,0,'2026-02-11 13:35:21','2026-02-11 13:35:21'),
(144,'operator','backup',0,0,0,0,'2026-02-11 13:35:21','2026-02-11 13:35:21'),
(145,'admin','logs.usage_report',0,0,0,0,'2026-02-12 07:29:00','2026-02-12 07:29:00'),
(146,'operator','logs.usage_report',0,0,0,0,'2026-02-12 07:29:00','2026-02-12 07:49:26'),
(147,'root','logs.usage_report',1,0,0,0,'2026-02-12 07:29:00','2026-02-13 09:00:11'),
(148,'superroot','logs.usage_report',1,1,1,1,'2026-02-12 07:29:00','2026-02-12 07:29:00'),
(169,'operator','voice_gateway.analog_fxo',0,0,0,0,'2026-02-12 07:34:50','2026-02-12 07:34:50'),
(170,'operator','voice_gateway.analog_fxs',0,0,0,0,'2026-02-12 07:34:50','2026-02-12 07:34:50'),
(171,'operator','voice_gateway.e1',0,0,0,0,'2026-02-12 07:34:50','2026-02-12 07:34:50'),
(172,'operator','voice_gateway.e1_cas',0,0,0,0,'2026-02-12 07:34:50','2026-02-12 07:34:50'),
(173,'operator','recording.server',1,0,0,0,'2026-02-12 07:34:50','2026-02-12 07:49:26'),
(174,'operator','recording.channel',1,0,0,0,'2026-02-12 07:34:50','2026-02-12 07:49:26'),
(175,'operator','recording.monitor',1,0,0,0,'2026-02-12 07:34:50','2026-02-12 07:49:26'),
(176,'operator','recording.search',1,0,0,0,'2026-02-12 07:34:50','2026-02-12 07:49:26'),
(177,'operator','device.turret_device',0,0,0,0,'2026-02-12 07:34:50','2026-02-12 07:34:50'),
(178,'operator','device.third_party_device',0,0,0,0,'2026-02-12 07:34:50','2026-02-12 07:34:50'),
(179,'operator','device.web_device',1,0,0,0,'2026-02-12 07:34:50','2026-02-12 07:49:26'),
(341,'superroot','voice_gateway.analog_fxo',1,1,1,1,'2026-02-12 07:49:26','2026-02-12 07:49:26'),
(342,'superroot','voice_gateway.analog_fxs',1,1,1,1,'2026-02-12 07:49:26','2026-02-12 07:49:26'),
(343,'superroot','voice_gateway.e1',1,1,1,1,'2026-02-12 07:49:26','2026-02-12 07:49:26'),
(344,'superroot','voice_gateway.e1_cas',1,1,1,1,'2026-02-12 07:49:26','2026-02-12 07:49:26'),
(345,'superroot','recording.server',1,1,1,1,'2026-02-12 07:49:26','2026-02-12 07:49:26'),
(346,'superroot','recording.channel',1,1,1,1,'2026-02-12 07:49:26','2026-02-12 07:49:26'),
(347,'superroot','recording.monitor',1,1,1,1,'2026-02-12 07:49:26','2026-02-12 07:49:26'),
(348,'superroot','recording.search',1,1,1,1,'2026-02-12 07:49:26','2026-02-12 07:49:26'),
(349,'superroot','device.turret_device',1,1,1,1,'2026-02-12 07:49:26','2026-02-12 07:49:26'),
(350,'superroot','device.third_party_device',1,1,1,1,'2026-02-12 07:49:26','2026-02-12 07:49:26'),
(351,'superroot','device.web_device',1,1,1,1,'2026-02-12 07:49:26','2026-02-12 07:49:26'),
(352,'root','voice_gateway.analog_fxo',1,1,1,1,'2026-02-12 07:49:26','2026-02-12 07:49:26'),
(353,'root','voice_gateway.analog_fxs',1,1,1,1,'2026-02-12 07:49:26','2026-02-12 07:49:26'),
(354,'root','voice_gateway.e1',1,1,1,1,'2026-02-12 07:49:26','2026-02-12 07:49:26'),
(355,'root','voice_gateway.e1_cas',1,1,1,1,'2026-02-12 07:49:26','2026-02-12 07:49:26'),
(356,'root','recording.server',1,1,1,1,'2026-02-12 07:49:26','2026-02-12 07:49:26'),
(357,'root','recording.channel',1,1,1,1,'2026-02-12 07:49:26','2026-02-12 07:49:26'),
(358,'root','recording.monitor',1,1,1,1,'2026-02-12 07:49:26','2026-02-12 07:49:26'),
(359,'root','recording.search',1,1,1,1,'2026-02-12 07:49:26','2026-02-12 07:49:26'),
(360,'root','device.turret_device',1,1,1,1,'2026-02-12 07:49:26','2026-02-12 07:49:26'),
(361,'root','device.third_party_device',1,1,1,1,'2026-02-12 07:49:26','2026-02-12 07:49:26'),
(362,'root','device.web_device',1,1,1,1,'2026-02-12 07:49:26','2026-02-12 07:49:26'),
(363,'admin','voice_gateway.analog_fxo',1,1,1,0,'2026-02-12 07:49:26','2026-02-12 07:49:26'),
(364,'admin','voice_gateway.analog_fxs',1,1,1,0,'2026-02-12 07:49:26','2026-02-12 07:49:26'),
(365,'admin','voice_gateway.e1',1,1,1,0,'2026-02-12 07:49:26','2026-02-12 07:49:26'),
(366,'admin','voice_gateway.e1_cas',1,1,1,0,'2026-02-12 07:49:26','2026-02-12 07:49:26'),
(367,'admin','recording.server',1,1,1,0,'2026-02-12 07:49:26','2026-02-12 07:49:26'),
(368,'admin','recording.channel',1,1,1,0,'2026-02-12 07:49:26','2026-02-12 07:49:26'),
(369,'admin','recording.monitor',1,1,1,0,'2026-02-12 07:49:26','2026-02-12 07:49:26'),
(370,'admin','recording.search',1,1,1,0,'2026-02-12 07:49:26','2026-02-12 07:49:26'),
(371,'admin','device.turret_device',1,1,1,0,'2026-02-12 07:49:26','2026-02-12 07:49:26'),
(372,'admin','device.third_party_device',1,1,1,0,'2026-02-12 07:49:26','2026-02-12 07:49:26'),
(373,'admin','device.web_device',1,1,1,0,'2026-02-12 07:49:26','2026-02-12 07:49:26'),
(389,'admin','connectivity.call_server',0,0,0,0,'2026-02-12 12:11:00','2026-02-12 12:11:00'),
(390,'operator','connectivity.call_server',0,0,0,0,'2026-02-12 12:11:00','2026-02-12 12:11:00'),
(391,'root','connectivity.call_server',0,0,0,0,'2026-02-12 12:11:00','2026-02-12 12:11:00'),
(392,'superroot','connectivity.call_server',1,1,1,1,'2026-02-12 12:11:00','2026-02-12 12:11:00'),
(393,'admin','connectivity.vpw',0,0,0,0,'2026-02-12 12:11:00','2026-02-12 12:11:00'),
(394,'operator','connectivity.vpw',0,0,0,0,'2026-02-12 12:11:00','2026-02-12 12:11:00'),
(395,'root','connectivity.vpw',0,0,0,0,'2026-02-12 12:11:00','2026-02-12 12:11:00'),
(396,'superroot','connectivity.vpw',1,1,1,1,'2026-02-12 12:11:00','2026-02-12 12:11:00'),
(397,'admin','connectivity.sip_3rd_party',0,0,0,0,'2026-02-12 12:11:00','2026-02-12 12:11:00'),
(398,'operator','connectivity.sip_3rd_party',0,0,0,0,'2026-02-12 12:11:00','2026-02-12 12:11:00'),
(399,'root','connectivity.sip_3rd_party',0,0,0,0,'2026-02-12 12:11:00','2026-02-12 12:11:00'),
(400,'superroot','connectivity.sip_3rd_party',1,1,1,1,'2026-02-12 12:11:00','2026-02-12 12:11:00'),
(401,'admin','connectivity.black_list',0,0,0,0,'2026-02-12 12:11:00','2026-02-12 12:11:00'),
(402,'operator','connectivity.black_list',0,0,0,0,'2026-02-12 12:11:00','2026-02-12 12:11:00'),
(403,'root','connectivity.black_list',0,0,0,0,'2026-02-12 12:11:00','2026-02-12 12:11:00'),
(404,'superroot','connectivity.black_list',1,1,1,1,'2026-02-12 12:11:00','2026-02-12 12:11:00'),
(405,'admin','connectivity.broadcast',0,0,0,0,'2026-02-12 12:11:00','2026-02-12 12:11:00'),
(406,'operator','connectivity.broadcast',0,0,0,0,'2026-02-12 12:11:00','2026-02-12 12:11:00'),
(407,'root','connectivity.broadcast',0,0,0,0,'2026-02-12 12:11:00','2026-02-12 12:11:00'),
(408,'superroot','connectivity.broadcast',1,1,1,1,'2026-02-12 12:11:00','2026-02-12 12:11:00'),
(409,'admin','connectivity.custom_destination',0,0,0,0,'2026-02-12 12:11:00','2026-02-12 12:11:00'),
(410,'operator','connectivity.custom_destination',0,0,0,0,'2026-02-12 12:11:00','2026-02-12 12:11:00'),
(411,'root','connectivity.custom_destination',0,0,0,0,'2026-02-12 12:11:00','2026-02-12 12:11:00'),
(412,'superroot','connectivity.custom_destination',1,1,1,1,'2026-02-12 12:11:00','2026-02-12 12:11:00'),
(413,'admin','connectivity.ivr',0,0,0,0,'2026-02-12 12:11:00','2026-02-12 12:11:00'),
(414,'operator','connectivity.ivr',0,0,0,0,'2026-02-12 12:11:00','2026-02-12 12:11:00'),
(415,'root','connectivity.ivr',0,0,0,0,'2026-02-12 12:11:00','2026-02-12 12:11:00'),
(416,'superroot','connectivity.ivr',1,1,1,1,'2026-02-12 12:11:00','2026-02-12 12:11:00'),
(417,'admin','connectivity.misc_destination',0,0,0,0,'2026-02-12 12:11:00','2026-02-12 12:11:00'),
(418,'operator','connectivity.misc_destination',0,0,0,0,'2026-02-12 12:11:00','2026-02-12 12:11:00'),
(419,'root','connectivity.misc_destination',0,0,0,0,'2026-02-12 12:11:00','2026-02-12 12:11:00'),
(420,'superroot','connectivity.misc_destination',1,1,1,1,'2026-02-12 12:11:00','2026-02-12 12:11:00'),
(421,'admin','connectivity.music_on_hold',0,0,0,0,'2026-02-12 12:11:00','2026-02-12 12:11:00'),
(422,'operator','connectivity.music_on_hold',0,0,0,0,'2026-02-12 12:11:00','2026-02-12 12:11:00'),
(423,'root','connectivity.music_on_hold',0,0,0,0,'2026-02-12 12:11:00','2026-02-12 12:11:00'),
(424,'superroot','connectivity.music_on_hold',1,1,1,1,'2026-02-12 12:11:00','2026-02-12 12:11:00'),
(425,'admin','connectivity.paging_intercom',0,0,0,0,'2026-02-12 12:11:00','2026-02-12 12:11:00'),
(426,'operator','connectivity.paging_intercom',0,0,0,0,'2026-02-12 12:11:00','2026-02-12 12:11:00'),
(427,'root','connectivity.paging_intercom',0,0,0,0,'2026-02-12 12:11:00','2026-02-12 12:11:00'),
(428,'superroot','connectivity.paging_intercom',1,1,1,1,'2026-02-12 12:11:00','2026-02-12 12:11:00'),
(429,'admin','connectivity.recording',0,0,0,0,'2026-02-12 12:11:00','2026-02-12 12:11:00'),
(430,'operator','connectivity.recording',0,0,0,0,'2026-02-12 12:11:00','2026-02-12 12:11:00'),
(431,'root','connectivity.recording',0,0,0,0,'2026-02-12 12:11:00','2026-02-12 12:11:00'),
(432,'superroot','connectivity.recording',1,1,1,1,'2026-02-12 12:11:00','2026-02-12 12:11:00'),
(433,'admin','connectivity.ring_group',0,0,0,0,'2026-02-12 12:11:00','2026-02-12 12:11:00'),
(434,'operator','connectivity.ring_group',0,0,0,0,'2026-02-12 12:11:00','2026-02-12 12:11:00'),
(435,'root','connectivity.ring_group',0,0,0,0,'2026-02-12 12:11:00','2026-02-12 12:11:00'),
(436,'superroot','connectivity.ring_group',1,1,1,1,'2026-02-12 12:11:00','2026-02-12 12:11:00'),
(437,'admin','connectivity.time_conditions',0,0,0,0,'2026-02-12 12:11:00','2026-02-12 12:11:00'),
(438,'operator','connectivity.time_conditions',0,0,0,0,'2026-02-12 12:11:00','2026-02-12 12:11:00'),
(439,'root','connectivity.time_conditions',0,0,0,0,'2026-02-12 12:11:00','2026-02-12 12:11:00'),
(440,'superroot','connectivity.time_conditions',1,1,1,1,'2026-02-12 12:11:00','2026-02-12 12:11:00'),
(441,'admin','backup.backup',0,0,0,0,'2026-02-12 17:21:03','2026-02-12 17:21:03'),
(442,'operator','backup.backup',0,0,0,0,'2026-02-12 17:21:03','2026-02-12 17:21:03'),
(443,'root','backup.backup',0,0,0,0,'2026-02-12 17:21:03','2026-02-12 17:21:03'),
(444,'superroot','backup.backup',1,1,1,1,'2026-02-12 17:21:03','2026-02-12 17:21:03');
/*!40000 ALTER TABLE `role_permissions` ENABLE KEYS */;
UNLOCK TABLES;
commit;

--
-- Table structure for table `sbc_connection_status`
--

DROP TABLE IF EXISTS `sbc_connection_status`;
/*!40101 SET @saved_cs_client     = @@character_set_client */;
/*!40101 SET character_set_client = utf8mb4 */;
CREATE TABLE `sbc_connection_status` (
  `id` int(11) NOT NULL AUTO_INCREMENT,
  `sbc_id` int(11) NOT NULL,
  `peer_name` varchar(100) NOT NULL COMMENT 'SIP Trunk/IP Group/Trunk Group name',
  `peer_type` enum('ITSP','IP_GROUP','TRUNK_GROUP','SIP_PEER','GATEWAY') DEFAULT 'SIP_PEER' COMMENT 'Type of SBC peer connection',
  `remote_address` varchar(100) NOT NULL COMMENT 'Remote SIP endpoint address (IP:Port or FQDN)',
  `local_user` varchar(50) DEFAULT NULL COMMENT 'Local SIP username/AOR for registration',
  `registration_status` enum('REGISTERED','NOT_REGISTERED','REGISTERING','FAILED') DEFAULT 'NOT_REGISTERED' COMMENT 'SIP REGISTER status',
  `connection_status` enum('OK','LAGGED','UNREACHABLE','UNKNOWN') DEFAULT 'UNKNOWN' COMMENT 'SIP OPTIONS qualify status',
  `latency_ms` int(11) DEFAULT NULL COMMENT 'Round-trip time from SIP OPTIONS ping (ms)',
  `active_calls` int(11) DEFAULT 0 COMMENT 'Current active calls on this peer',
  `max_calls` int(11) DEFAULT NULL COMMENT 'Maximum concurrent calls allowed',
  `last_activity` datetime DEFAULT NULL COMMENT 'Last successful SIP transaction timestamp',
  `created_at` timestamp NULL DEFAULT current_timestamp(),
  `updated_at` timestamp NULL DEFAULT current_timestamp() ON UPDATE current_timestamp(),
  PRIMARY KEY (`id`),
  KEY `sbc_id` (`sbc_id`),
  CONSTRAINT `sbc_connection_status_ibfk_1` FOREIGN KEY (`sbc_id`) REFERENCES `call_servers` (`id`) ON DELETE CASCADE
) ENGINE=InnoDB AUTO_INCREMENT=6 DEFAULT CHARSET=utf8mb4 COLLATE=utf8mb4_0900_ai_ci;
/*!40101 SET character_set_client = @saved_cs_client */;

--
-- Dumping data for table `sbc_connection_status`
--

LOCK TABLES `sbc_connection_status` WRITE;
/*!40000 ALTER TABLE `sbc_connection_status` DISABLE KEYS */;
set autocommit=0;
/*!40000 ALTER TABLE `sbc_connection_status` ENABLE KEYS */;
UNLOCK TABLES;
commit;

--
-- Table structure for table `sbc_routes`
--

DROP TABLE IF EXISTS `sbc_routes`;
/*!40101 SET @saved_cs_client     = @@character_set_client */;
/*!40101 SET character_set_client = utf8mb4 */;
CREATE TABLE `sbc_routes` (
  `id` bigint(20) unsigned NOT NULL AUTO_INCREMENT,
  `src_call_server_id` bigint(20) unsigned DEFAULT NULL,
  `src_description` varchar(255) DEFAULT NULL,
  `src_pattern` varchar(100) NOT NULL,
  `src_cid_filter` varchar(100) DEFAULT NULL,
  `src_priority` int(11) DEFAULT 0,
  `src_is_active` tinyint(1) DEFAULT 1,
  `src_from_sbc_id` bigint(20) unsigned DEFAULT NULL,
  `src_destination_id` bigint(20) unsigned DEFAULT NULL,
  `dest_call_server_id` bigint(20) unsigned DEFAULT NULL,
  `dest_description` varchar(255) DEFAULT NULL,
  `dest_pattern` varchar(100) DEFAULT NULL,
  `dest_cid_filter` varchar(100) DEFAULT NULL,
  `dest_priority` int(11) DEFAULT 0,
  `dest_is_active` tinyint(1) DEFAULT 1,
  `dest_from_sbc_id` bigint(20) unsigned DEFAULT NULL,
  `dest_destination_id` bigint(20) unsigned DEFAULT NULL,
  `created_at` timestamp NULL DEFAULT NULL,
  `updated_at` timestamp NULL DEFAULT NULL,
  PRIMARY KEY (`id`)
) ENGINE=InnoDB AUTO_INCREMENT=6 DEFAULT CHARSET=utf8mb4 COLLATE=utf8mb4_unicode_ci;
/*!40101 SET character_set_client = @saved_cs_client */;

--
-- Dumping data for table `sbc_routes`
--

LOCK TABLES `sbc_routes` WRITE;
/*!40000 ALTER TABLE `sbc_routes` DISABLE KEYS */;
set autocommit=0;
INSERT INTO `sbc_routes` VALUES
(5,9,'S-Telkom','021000001',NULL,0,1,6,NULL,9,'D-Telkom','','021000002',0,1,7,NULL,NULL,NULL);
/*!40000 ALTER TABLE `sbc_routes` ENABLE KEYS */;
UNLOCK TABLES;
commit;

--
-- Table structure for table `sbcs`
--

DROP TABLE IF EXISTS `sbcs`;
/*!40101 SET @saved_cs_client     = @@character_set_client */;
/*!40101 SET character_set_client = utf8mb4 */;
CREATE TABLE `sbcs` (
  `id` bigint(20) unsigned NOT NULL AUTO_INCREMENT,
  `call_server_id` int(11) DEFAULT NULL,
  `name` varchar(100) NOT NULL,
  `sip_server` varchar(255) NOT NULL,
  `sip_server_port` int(11) DEFAULT 5060,
  `outcid` varchar(255) DEFAULT NULL,
  `maxchans` int(11) DEFAULT 2,
  `transport` varchar(20) DEFAULT 'udp',
  `context` varchar(100) DEFAULT 'from-pstn',
  `codecs` varchar(100) DEFAULT 'ulaw,alaw',
  `dtmfmode` varchar(20) DEFAULT 'auto',
  `registration` varchar(20) DEFAULT 'none',
  `auth_username` varchar(100) DEFAULT NULL,
  `secret` varchar(100) DEFAULT NULL,
  `qualify` tinyint(1) DEFAULT 1,
  `qualify_frequency` int(11) DEFAULT 60,
  `disabled` tinyint(1) DEFAULT 0,
  `created_at` timestamp NULL DEFAULT NULL,
  `updated_at` timestamp NULL DEFAULT NULL,
  PRIMARY KEY (`id`)
) ENGINE=InnoDB AUTO_INCREMENT=8 DEFAULT CHARSET=utf8mb4 COLLATE=utf8mb4_unicode_ci;
/*!40101 SET character_set_client = @saved_cs_client */;

--
-- Dumping data for table `sbcs`
--

LOCK TABLES `sbcs` WRITE;
/*!40000 ALTER TABLE `sbcs` DISABLE KEYS */;
set autocommit=0;
INSERT INTO `sbcs` VALUES
(6,9,'to_PBX','13.44.13.25',5060,NULL,2,'udp','from-pstn','ulaw,alaw','auto','none',NULL,NULL,1,60,0,NULL,NULL),
(7,9,'to_Provider','13.44.13.4',5060,NULL,2,'udp','from-pstn','ulaw,alaw','auto','none',NULL,NULL,1,60,0,NULL,NULL);
/*!40000 ALTER TABLE `sbcs` ENABLE KEYS */;
UNLOCK TABLES;
commit;

--
-- Table structure for table `sessions`
--

DROP TABLE IF EXISTS `sessions`;
/*!40101 SET @saved_cs_client     = @@character_set_client */;
/*!40101 SET character_set_client = utf8mb4 */;
CREATE TABLE `sessions` (
  `id` varchar(191) NOT NULL,
  `user_id` bigint(20) unsigned DEFAULT NULL,
  `ip_address` varchar(45) DEFAULT NULL,
  `user_agent` text DEFAULT NULL,
  `payload` longtext NOT NULL,
  `last_activity` int(11) NOT NULL,
  PRIMARY KEY (`id`),
  KEY `sessions_user_id_index` (`user_id`),
  KEY `sessions_last_activity_index` (`last_activity`)
) ENGINE=InnoDB DEFAULT CHARSET=utf8mb4 COLLATE=utf8mb4_unicode_ci;
/*!40101 SET character_set_client = @saved_cs_client */;

--
-- Dumping data for table `sessions`
--

LOCK TABLES `sessions` WRITE;
/*!40000 ALTER TABLE `sessions` DISABLE KEYS */;
set autocommit=0;
INSERT INTO `sessions` VALUES
('FhSrGS4Dv4AZvEaIbWrWJobdPnkbn1mOr6MzhMyH',NULL,'127.0.0.1','Mozilla/5.0 (Windows NT 10.0; Win64; x64) AppleWebKit/537.36 (KHTML, like Gecko) Chrome/144.0.0.0 Safari/537.36','YTo0OntzOjY6Il90b2tlbiI7czo0MDoiZkFjVHBScGt6V1ozWThvTUpGbkx3YmFXcHAwejV5SkxRMlpJeWZWbiI7czo5OiJfcHJldmlvdXMiO2E6Mjp7czozOiJ1cmwiO3M6Mjc6Imh0dHA6Ly8xMDMuMTU0LjgwLjE3MS9hZG1pbiI7czo1OiJyb3V0ZSI7czozMDoiZmlsYW1lbnQuYWRtaW4ucGFnZXMuZGFzaGJvYXJkIjt9czo2OiJfZmxhc2giO2E6Mjp7czozOiJvbGQiO2E6MDp7fXM6MzoibmV3IjthOjA6e319czozOiJ1cmwiO2E6MTp7czo4OiJpbnRlbmRlZCI7czoyNzoiaHR0cDovLzEwMy4xNTQuODAuMTcxL2FkbWluIjt9fQ==',1769649373),
('Kpb5f27VGQmXSFcSL6xQEtlOSl0KQ12IUQrCLIBz',NULL,'104.28.245.127','curl/8.13.0','YTozOntzOjY6Il90b2tlbiI7czo0MDoickVVR2V3UkFQZ1dvbmlJMXA5bVdxa01rZmd4S1BnZ0VYSXZFenNWZSI7czo5OiJfcHJldmlvdXMiO2E6Mjp7czozOiJ1cmwiO3M6NDA6Imh0dHA6Ly8xMDMuMTU0LjgwLjE3MS9TbWFydENNUy9pbmRleC5waHAiO3M6NToicm91dGUiO047fXM6NjoiX2ZsYXNoIjthOjI6e3M6Mzoib2xkIjthOjA6e31zOjM6Im5ldyI7YTowOnt9fX0=',1769646971),
('ycWU2N7hkj6NDaAESDLPLETINPkX4NlEpd3wu8bn',NULL,'127.0.0.1','curl/8.13.0','YTozOntzOjY6Il90b2tlbiI7czo0MDoiSGg5dlBDMUtrbVJpRVo2Zm5wdTdKZmVXQU13dVFuakV0UDRkVzlXYSI7czo5OiJfcHJldmlvdXMiO2E6Mjp7czozOiJ1cmwiO3M6MjE6Imh0dHA6Ly8xMDMuMTU0LjgwLjE3MSI7czo1OiJyb3V0ZSI7Tjt9czo2OiJfZmxhc2giO2E6Mjp7czozOiJvbGQiO2E6MDp7fXM6MzoibmV3IjthOjA6e319fQ==',1769649242);
/*!40000 ALTER TABLE `sessions` ENABLE KEYS */;
UNLOCK TABLES;
commit;

--
-- Table structure for table `static_routes`
--

DROP TABLE IF EXISTS `static_routes`;
/*!40101 SET @saved_cs_client     = @@character_set_client */;
/*!40101 SET character_set_client = utf8mb4 */;
CREATE TABLE `static_routes` (
  `id` bigint(20) unsigned NOT NULL AUTO_INCREMENT,
  `call_server_id` int(11) DEFAULT NULL,
  `network` varchar(191) NOT NULL,
  `subnet` varchar(191) NOT NULL,
  `gateway` varchar(191) NOT NULL,
  `device` varchar(191) NOT NULL,
  `description` varchar(191) DEFAULT NULL,
  `created_at` timestamp NULL DEFAULT NULL,
  `updated_at` timestamp NULL DEFAULT NULL,
  `destination` text DEFAULT NULL,
  `interface_name` text DEFAULT NULL,
  `metric` text DEFAULT NULL,
  `device_type` text DEFAULT NULL,
  `device_id` int(11) DEFAULT NULL,
  `is_active` tinyint(1) DEFAULT 0,
  PRIMARY KEY (`id`),
  KEY `static_routes_call_server_id_foreign` (`call_server_id`),
  CONSTRAINT `static_routes_call_server_id_foreign` FOREIGN KEY (`call_server_id`) REFERENCES `call_servers` (`id`) ON DELETE SET NULL
) ENGINE=InnoDB AUTO_INCREMENT=3 DEFAULT CHARSET=utf8mb4 COLLATE=utf8mb4_unicode_ci;
/*!40101 SET character_set_client = @saved_cs_client */;

--
-- Dumping data for table `static_routes`
--

LOCK TABLES `static_routes` WRITE;
/*!40000 ALTER TABLE `static_routes` DISABLE KEYS */;
set autocommit=0;
INSERT INTO `static_routes` VALUES
(1,NULL,'','','192.168.100.1','',NULL,NULL,NULL,'111','eth0','100','call_server',4,1),
(2,NULL,'','','192.168.100.1','',NULL,NULL,NULL,'222','eth0','100','sbc',8,1);
/*!40000 ALTER TABLE `static_routes` ENABLE KEYS */;
UNLOCK TABLES;
commit;

--
-- Table structure for table `sub_branches`
--

DROP TABLE IF EXISTS `sub_branches`;
/*!40101 SET @saved_cs_client     = @@character_set_client */;
/*!40101 SET character_set_client = utf8mb4 */;
CREATE TABLE `sub_branches` (
  `id` int(11) NOT NULL AUTO_INCREMENT,
  `customer_id` int(11) DEFAULT NULL,
  `branch_id` int(11) DEFAULT NULL,
  `call_server_id` int(11) DEFAULT NULL,
  `name` varchar(255) NOT NULL,
  `code` varchar(50) DEFAULT NULL,
  `country` varchar(100) DEFAULT NULL,
  `province` varchar(100) DEFAULT NULL,
  `city` varchar(100) DEFAULT NULL,
  `district` varchar(100) DEFAULT NULL,
  `address` text DEFAULT NULL,
  `contact_name` varchar(255) DEFAULT NULL,
  `contact_phone` varchar(50) DEFAULT NULL,
  `description` text DEFAULT NULL,
  `is_active` tinyint(1) DEFAULT 1,
  `created_at` timestamp NULL DEFAULT current_timestamp(),
  `updated_at` timestamp NULL DEFAULT current_timestamp() ON UPDATE current_timestamp(),
  PRIMARY KEY (`id`),
  KEY `customer_id` (`customer_id`),
  KEY `branch_id` (`branch_id`),
  CONSTRAINT `sub_branches_ibfk_1` FOREIGN KEY (`customer_id`) REFERENCES `customers` (`id`) ON DELETE SET NULL,
  CONSTRAINT `sub_branches_ibfk_2` FOREIGN KEY (`branch_id`) REFERENCES `branches` (`id`) ON DELETE SET NULL
) ENGINE=InnoDB AUTO_INCREMENT=3 DEFAULT CHARSET=utf8mb4 COLLATE=utf8mb4_unicode_ci;
/*!40101 SET character_set_client = @saved_cs_client */;

--
-- Dumping data for table `sub_branches`
--

LOCK TABLES `sub_branches` WRITE;
/*!40000 ALTER TABLE `sub_branches` DISABLE KEYS */;
set autocommit=0;
INSERT INTO `sub_branches` VALUES
(1,2,1,4,'KAI Juanda Cimahi','KAI CMH 011','Indonesia','Jawa Barat','Cimahi','Cimahi Tengah','Jl. Juanda Cimahi','','','',1,'2026-01-30 10:05:14','2026-01-30 18:01:35'),
(2,2,1,8,'KAI Juanda Cimahi 2','KAI CMH 0112','Indonesia','Jawa Barat','Cimahi','Cimahi Tengah','Jl. Juanda Cimahi','','','',1,'2026-02-04 16:21:23','2026-02-04 16:21:39');
/*!40000 ALTER TABLE `sub_branches` ENABLE KEYS */;
UNLOCK TABLES;
commit;

--
-- Table structure for table `system_logs`
--

DROP TABLE IF EXISTS `system_logs`;
/*!40101 SET @saved_cs_client     = @@character_set_client */;
/*!40101 SET character_set_client = utf8mb4 */;
CREATE TABLE `system_logs` (
  `id` int(11) NOT NULL AUTO_INCREMENT,
  `level` enum('debug','info','warning','error','critical') DEFAULT 'info',
  `message` text NOT NULL,
  `context` text DEFAULT NULL,
  `created_at` timestamp NULL DEFAULT current_timestamp(),
  PRIMARY KEY (`id`)
) ENGINE=InnoDB DEFAULT CHARSET=utf8mb4 COLLATE=utf8mb4_unicode_ci;
/*!40101 SET character_set_client = @saved_cs_client */;

--
-- Dumping data for table `system_logs`
--

LOCK TABLES `system_logs` WRITE;
/*!40000 ALTER TABLE `system_logs` DISABLE KEYS */;
set autocommit=0;
/*!40000 ALTER TABLE `system_logs` ENABLE KEYS */;
UNLOCK TABLES;
commit;

--
-- Table structure for table `time_conditions`
--

DROP TABLE IF EXISTS `time_conditions`;
/*!40101 SET @saved_cs_client     = @@character_set_client */;
/*!40101 SET character_set_client = utf8mb4 */;
CREATE TABLE `time_conditions` (
  `id` int(11) NOT NULL AUTO_INCREMENT,
  `call_server_id` int(11) DEFAULT NULL,
  `name` varchar(100) NOT NULL,
  `description` varchar(255) DEFAULT NULL,
  `time_group_id` int(11) DEFAULT NULL,
  `match_destination` varchar(255) DEFAULT NULL,
  `nomatch_destination` varchar(255) DEFAULT NULL,
  `is_active` tinyint(1) DEFAULT 1,
  `created_at` timestamp NULL DEFAULT current_timestamp(),
  `updated_at` timestamp NULL DEFAULT current_timestamp() ON UPDATE current_timestamp(),
  PRIMARY KEY (`id`),
  KEY `call_server_id` (`call_server_id`),
  CONSTRAINT `time_conditions_ibfk_1` FOREIGN KEY (`call_server_id`) REFERENCES `call_servers` (`id`) ON DELETE SET NULL
) ENGINE=InnoDB DEFAULT CHARSET=utf8mb4 COLLATE=utf8mb4_unicode_ci;
/*!40101 SET character_set_client = @saved_cs_client */;

--
-- Dumping data for table `time_conditions`
--

LOCK TABLES `time_conditions` WRITE;
/*!40000 ALTER TABLE `time_conditions` DISABLE KEYS */;
set autocommit=0;
/*!40000 ALTER TABLE `time_conditions` ENABLE KEYS */;
UNLOCK TABLES;
commit;

--
-- Table structure for table `trunks`
--

DROP TABLE IF EXISTS `trunks`;
/*!40101 SET @saved_cs_client     = @@character_set_client */;
/*!40101 SET character_set_client = utf8mb4 */;
CREATE TABLE `trunks` (
  `id` bigint(20) unsigned NOT NULL AUTO_INCREMENT,
  `call_server_id` int(11) DEFAULT NULL,
  `name` varchar(100) NOT NULL,
  `sip_server` varchar(255) NOT NULL,
  `sip_server_port` int(11) DEFAULT 5060,
  `outcid` varchar(255) DEFAULT NULL,
  `maxchans` int(11) DEFAULT 2,
  `transport` varchar(20) DEFAULT 'udp',
  `context` varchar(100) DEFAULT 'from-pstn',
  `codecs` varchar(100) DEFAULT 'ulaw,alaw',
  `dtmfmode` varchar(20) DEFAULT 'auto',
  `registration` varchar(20) DEFAULT 'none',
  `auth_username` varchar(100) DEFAULT NULL,
  `secret` varchar(100) DEFAULT NULL,
  `qualify` tinyint(1) DEFAULT 1,
  `qualify_frequency` int(11) DEFAULT 60,
  `disabled` tinyint(1) DEFAULT 0,
  `created_at` timestamp NULL DEFAULT NULL,
  `updated_at` timestamp NULL DEFAULT NULL,
  PRIMARY KEY (`id`)
) ENGINE=InnoDB AUTO_INCREMENT=2 DEFAULT CHARSET=utf8mb4 COLLATE=utf8mb4_unicode_ci;
/*!40101 SET character_set_client = @saved_cs_client */;

--
-- Dumping data for table `trunks`
--

LOCK TABLES `trunks` WRITE;
/*!40000 ALTER TABLE `trunks` DISABLE KEYS */;
set autocommit=0;
INSERT INTO `trunks` VALUES
(1,8,'Garuda','',5060,NULL,2,'udp','from-pstn','ulaw,alaw','auto','none',NULL,NULL,1,60,0,NULL,NULL);
/*!40000 ALTER TABLE `trunks` ENABLE KEYS */;
UNLOCK TABLES;
commit;

--
-- Table structure for table `turret_channel_states`
--

DROP TABLE IF EXISTS `turret_channel_states`;
/*!40101 SET @saved_cs_client     = @@character_set_client */;
/*!40101 SET character_set_client = utf8mb4 */;
CREATE TABLE `turret_channel_states` (
  `id` bigint(20) NOT NULL AUTO_INCREMENT,
  `turret_user_id` bigint(20) NOT NULL,
  `channel_key` varchar(20) NOT NULL,
  `contact_name` varchar(255) DEFAULT NULL,
  `extension` varchar(50) DEFAULT NULL,
  `volume_in` int(11) DEFAULT 50,
  `volume_out` int(11) DEFAULT 50,
  `is_ptt` tinyint(1) DEFAULT 0,
  `group_ids` longtext CHARACTER SET utf8mb4 COLLATE utf8mb4_bin DEFAULT NULL CHECK (json_valid(`group_ids`)),
  `created_at` timestamp NULL DEFAULT current_timestamp(),
  `updated_at` timestamp NULL DEFAULT current_timestamp() ON UPDATE current_timestamp(),
  PRIMARY KEY (`id`),
  UNIQUE KEY `turret_user_id` (`turret_user_id`,`channel_key`),
  KEY `idx_turret_user` (`turret_user_id`)
) ENGINE=MyISAM AUTO_INCREMENT=8 DEFAULT CHARSET=utf8mb4 COLLATE=utf8mb4_unicode_ci;
/*!40101 SET character_set_client = @saved_cs_client */;

--
-- Dumping data for table `turret_channel_states`
--

LOCK TABLES `turret_channel_states` WRITE;
/*!40000 ALTER TABLE `turret_channel_states` DISABLE KEYS */;
set autocommit=0;
INSERT INTO `turret_channel_states` VALUES
(1,1,'ch-1','BCA FX Desk','1001',80,70,0,NULL,'2026-02-05 13:19:00','2026-02-05 13:19:00'),
(2,1,'ch-2','BI Treasury','1002',75,75,1,NULL,'2026-02-05 13:19:00','2026-02-05 13:19:00'),
(3,1,'ch-3','Mom','0812-1111-1111',50,50,0,NULL,'2026-02-05 13:19:00','2026-02-05 13:19:00'),
(4,1,'ch-4','Support IT','7000',60,60,0,NULL,'2026-02-05 13:19:00','2026-02-05 13:19:00'),
(5,2,'ch-1','DBS Partner','2001',90,80,0,NULL,'2026-02-05 13:19:43','2026-02-05 13:19:43'),
(6,2,'ch-2','Tokyo Dealer','2002',70,70,1,NULL,'2026-02-05 13:19:43','2026-02-05 13:19:43'),
(7,2,'ch-3','Emergency','110',100,100,0,NULL,'2026-02-05 13:19:43','2026-02-05 13:19:43');
/*!40000 ALTER TABLE `turret_channel_states` ENABLE KEYS */;
UNLOCK TABLES;
commit;

--
-- Table structure for table `turret_group_members`
--

DROP TABLE IF EXISTS `turret_group_members`;
/*!40101 SET @saved_cs_client     = @@character_set_client */;
/*!40101 SET character_set_client = utf8mb4 */;
CREATE TABLE `turret_group_members` (
  `id` bigint(20) unsigned NOT NULL AUTO_INCREMENT,
  `group_id` bigint(20) unsigned NOT NULL,
  `extension` varchar(20) NOT NULL,
  PRIMARY KEY (`id`),
  KEY `group_id` (`group_id`),
  CONSTRAINT `turret_group_members_ibfk_1` FOREIGN KEY (`group_id`) REFERENCES `turret_groups` (`id`) ON DELETE CASCADE
) ENGINE=InnoDB DEFAULT CHARSET=utf8mb4 COLLATE=utf8mb4_unicode_ci;
/*!40101 SET character_set_client = @saved_cs_client */;

--
-- Dumping data for table `turret_group_members`
--

LOCK TABLES `turret_group_members` WRITE;
/*!40000 ALTER TABLE `turret_group_members` DISABLE KEYS */;
set autocommit=0;
/*!40000 ALTER TABLE `turret_group_members` ENABLE KEYS */;
UNLOCK TABLES;
commit;

--
-- Table structure for table `turret_groups`
--

DROP TABLE IF EXISTS `turret_groups`;
/*!40101 SET @saved_cs_client     = @@character_set_client */;
/*!40101 SET character_set_client = utf8mb4 */;
CREATE TABLE `turret_groups` (
  `id` bigint(20) unsigned NOT NULL AUTO_INCREMENT,
  `name` varchar(100) NOT NULL,
  `description` text DEFAULT NULL,
  `is_active` tinyint(1) DEFAULT 1,
  `created_at` timestamp NULL DEFAULT current_timestamp(),
  `updated_at` timestamp NULL DEFAULT current_timestamp() ON UPDATE current_timestamp(),
  PRIMARY KEY (`id`)
) ENGINE=InnoDB DEFAULT CHARSET=utf8mb4 COLLATE=utf8mb4_unicode_ci;
/*!40101 SET character_set_client = @saved_cs_client */;

--
-- Dumping data for table `turret_groups`
--

LOCK TABLES `turret_groups` WRITE;
/*!40000 ALTER TABLE `turret_groups` DISABLE KEYS */;
set autocommit=0;
/*!40000 ALTER TABLE `turret_groups` ENABLE KEYS */;
UNLOCK TABLES;
commit;

--
-- Table structure for table `turret_policies`
--

DROP TABLE IF EXISTS `turret_policies`;
/*!40101 SET @saved_cs_client     = @@character_set_client */;
/*!40101 SET character_set_client = utf8mb4 */;
CREATE TABLE `turret_policies` (
  `id` bigint(20) unsigned NOT NULL AUTO_INCREMENT,
  `name` varchar(100) NOT NULL,
  `max_channels` int(11) DEFAULT 4,
  `allow_recording` tinyint(1) DEFAULT 1,
  `allow_intercom` tinyint(1) DEFAULT 1,
  `allow_group_talk` tinyint(1) DEFAULT 1,
  `allow_external` tinyint(1) DEFAULT 1,
  `description` text DEFAULT NULL,
  `is_active` tinyint(1) DEFAULT 1,
  `created_at` timestamp NULL DEFAULT current_timestamp(),
  `updated_at` timestamp NULL DEFAULT current_timestamp() ON UPDATE current_timestamp(),
  PRIMARY KEY (`id`)
) ENGINE=InnoDB AUTO_INCREMENT=3 DEFAULT CHARSET=utf8mb4 COLLATE=utf8mb4_unicode_ci;
/*!40101 SET character_set_client = @saved_cs_client */;

--
-- Dumping data for table `turret_policies`
--

LOCK TABLES `turret_policies` WRITE;
/*!40000 ALTER TABLE `turret_policies` DISABLE KEYS */;
set autocommit=0;
INSERT INTO `turret_policies` VALUES
(1,'Standard Trader',4,1,1,1,1,'Default policy for traders',1,'2026-02-03 19:33:29','2026-02-03 19:33:29'),
(2,'Senior Trader',8,1,1,1,1,'Extended channels for senior traders',1,'2026-02-03 19:33:29','2026-02-03 19:33:29');
/*!40000 ALTER TABLE `turret_policies` ENABLE KEYS */;
UNLOCK TABLES;
commit;

--
-- Table structure for table `turret_templates`
--

DROP TABLE IF EXISTS `turret_templates`;
/*!40101 SET @saved_cs_client     = @@character_set_client */;
/*!40101 SET character_set_client = utf8mb4 */;
CREATE TABLE `turret_templates` (
  `id` bigint(20) unsigned NOT NULL AUTO_INCREMENT,
  `name` varchar(100) NOT NULL,
  `description` text DEFAULT NULL,
  `layout_json` longtext CHARACTER SET utf8mb4 COLLATE utf8mb4_bin NOT NULL,
  `created_at` timestamp NULL DEFAULT current_timestamp(),
  `updated_at` timestamp NULL DEFAULT current_timestamp() ON UPDATE current_timestamp(),
  PRIMARY KEY (`id`),
  CONSTRAINT `turret_templates_chk_1` CHECK (json_valid(`layout_json`))
) ENGINE=InnoDB DEFAULT CHARSET=utf8mb4 COLLATE=utf8mb4_unicode_ci;
/*!40101 SET character_set_client = @saved_cs_client */;

--
-- Dumping data for table `turret_templates`
--

LOCK TABLES `turret_templates` WRITE;
/*!40000 ALTER TABLE `turret_templates` DISABLE KEYS */;
set autocommit=0;
/*!40000 ALTER TABLE `turret_templates` ENABLE KEYS */;
UNLOCK TABLES;
commit;

--
-- Table structure for table `turret_user_phonebooks`
--

DROP TABLE IF EXISTS `turret_user_phonebooks`;
/*!40101 SET @saved_cs_client     = @@character_set_client */;
/*!40101 SET character_set_client = utf8mb4 */;
CREATE TABLE `turret_user_phonebooks` (
  `id` bigint(20) NOT NULL AUTO_INCREMENT,
  `turret_user_id` bigint(20) NOT NULL,
  `name` varchar(255) NOT NULL,
  `phone` varchar(50) NOT NULL,
  `company` varchar(255) DEFAULT NULL,
  `email` varchar(255) DEFAULT NULL,
  `notes` text DEFAULT NULL,
  `is_favourite` tinyint(1) DEFAULT 0,
  `is_archived` tinyint(1) DEFAULT 0,
  `created_at` timestamp NULL DEFAULT current_timestamp(),
  `updated_at` timestamp NULL DEFAULT current_timestamp() ON UPDATE current_timestamp(),
  PRIMARY KEY (`id`),
  KEY `idx_turret_user` (`turret_user_id`),
  KEY `idx_archived` (`is_archived`)
) ENGINE=MyISAM AUTO_INCREMENT=26 DEFAULT CHARSET=utf8mb4 COLLATE=utf8mb4_unicode_ci;
/*!40101 SET character_set_client = @saved_cs_client */;

--
-- Dumping data for table `turret_user_phonebooks`
--

LOCK TABLES `turret_user_phonebooks` WRITE;
/*!40000 ALTER TABLE `turret_user_phonebooks` DISABLE KEYS */;
set autocommit=0;
INSERT INTO `turret_user_phonebooks` VALUES
(1,1,'Mom','0812-1111-1111',NULL,NULL,NULL,1,0,'2026-02-05 11:37:47','2026-02-05 11:37:47'),
(2,1,'Client BCA','021-5001-001','BCA','client@bca.co.id',NULL,1,0,'2026-02-05 11:37:47','2026-02-05 11:37:47'),
(3,1,'Broker SGX','+65-6222-3333','SGX','broker@sgx.com',NULL,0,0,'2026-02-05 11:37:47','2026-02-05 11:37:47'),
(4,1,'Support IT','7000','Internal',NULL,NULL,0,0,'2026-02-05 11:37:47','2026-02-05 11:37:47'),
(5,1,'Boss','6000','Internal',NULL,NULL,1,0,'2026-02-05 11:37:47','2026-02-05 11:37:47'),
(6,2,'Partner DBS','+65-6888-8888','DBS Bank','partner@dbs.com',NULL,1,0,'2026-02-05 11:37:47','2026-02-05 11:37:47'),
(7,2,'Sister','0813-2222-2222',NULL,NULL,NULL,1,0,'2026-02-05 11:37:47','2026-02-05 11:37:47'),
(8,2,'Client Mandiri','021-5002-002','Mandiri','fx@mandiri.co.id',NULL,0,0,'2026-02-05 11:37:47','2026-02-05 11:37:47'),
(9,2,'Dealer Tokyo','+81-3-1234-5678','Tokyo Branch','dealer@tokyo.jp',NULL,0,0,'2026-02-05 11:37:47','2026-02-05 11:37:47'),
(10,2,'Emergency','110',NULL,NULL,NULL,0,0,'2026-02-05 11:37:47','2026-02-05 11:37:47'),
(11,3,'Wife','0814-3333-3333',NULL,NULL,NULL,1,0,'2026-02-05 11:37:47','2026-02-05 11:37:47'),
(12,3,'Bloomberg Desk','+1-212-555-0100','Bloomberg','desk@bloomberg.com',NULL,1,0,'2026-02-05 11:37:47','2026-02-05 11:37:47'),
(13,3,'Reuters Contact','+44-20-7777-8888','Reuters',NULL,NULL,0,0,'2026-02-05 11:37:47','2026-02-05 11:37:47'),
(14,3,'Treasury Head','6010','Internal',NULL,NULL,1,0,'2026-02-05 11:37:47','2026-02-05 11:37:47'),
(15,3,'Risk Manager','6020','Internal',NULL,NULL,0,0,'2026-02-05 11:37:47','2026-02-05 11:37:47'),
(16,4,'Dad','0815-4444-4444',NULL,NULL,NULL,1,0,'2026-02-05 11:37:47','2026-02-05 11:37:47'),
(17,4,'Binance Support','+65-9999-0000','Binance','support@binance.com',NULL,0,0,'2026-02-05 11:37:47','2026-02-05 11:37:47'),
(18,4,'Coinbase Rep','+1-415-555-1234','Coinbase','rep@coinbase.com',NULL,0,0,'2026-02-05 11:37:47','2026-02-05 11:37:47'),
(19,4,'Crypto Analyst','6030','Internal',NULL,NULL,1,0,'2026-02-05 11:37:47','2026-02-05 11:37:47'),
(20,4,'Settlement Team','6040','Internal',NULL,NULL,0,0,'2026-02-05 11:37:47','2026-02-05 11:37:47'),
(21,5,'Brother','0816-5555-5555',NULL,NULL,NULL,1,0,'2026-02-05 11:37:47','2026-02-05 11:37:47'),
(22,5,'Gold Dealer London','+44-20-1234-5678','LBMA','gold@lbma.com',NULL,1,0,'2026-02-05 11:37:47','2026-02-05 11:37:47'),
(23,5,'Silver Broker','+1-312-555-9999','COMEX','silver@comex.com',NULL,1,0,'2026-02-05 11:37:47','2026-02-05 11:37:47'),
(24,5,'Commodity Head','6050','Internal',NULL,NULL,1,0,'2026-02-05 11:37:47','2026-02-05 11:37:47'),
(25,5,'Compliance','6060','Internal',NULL,NULL,0,0,'2026-02-05 11:37:47','2026-02-05 11:37:47');
/*!40000 ALTER TABLE `turret_user_phonebooks` ENABLE KEYS */;
UNLOCK TABLES;
commit;

--
-- Table structure for table `turret_user_preferences`
--

DROP TABLE IF EXISTS `turret_user_preferences`;
/*!40101 SET @saved_cs_client     = @@character_set_client */;
/*!40101 SET character_set_client = utf8mb4 */;
CREATE TABLE `turret_user_preferences` (
  `id` bigint(20) NOT NULL AUTO_INCREMENT,
  `turret_user_id` bigint(20) NOT NULL,
  `preference_key` varchar(100) NOT NULL,
  `preference_value` longtext CHARACTER SET utf8mb4 COLLATE utf8mb4_bin DEFAULT NULL CHECK (json_valid(`preference_value`)),
  `created_at` timestamp NULL DEFAULT current_timestamp(),
  `updated_at` timestamp NULL DEFAULT current_timestamp() ON UPDATE current_timestamp(),
  PRIMARY KEY (`id`),
  UNIQUE KEY `turret_user_id` (`turret_user_id`,`preference_key`),
  KEY `idx_turret_user` (`turret_user_id`)
) ENGINE=MyISAM AUTO_INCREMENT=6 DEFAULT CHARSET=utf8mb4 COLLATE=utf8mb4_unicode_ci;
/*!40101 SET character_set_client = @saved_cs_client */;

--
-- Dumping data for table `turret_user_preferences`
--

LOCK TABLES `turret_user_preferences` WRITE;
/*!40000 ALTER TABLE `turret_user_preferences` DISABLE KEYS */;
set autocommit=0;
INSERT INTO `turret_user_preferences` VALUES
(1,1,'template_id','1','2026-02-05 13:22:04','2026-02-05 13:22:04'),
(2,1,'theme','{\"value\": \"dark\"}','2026-02-05 13:23:29','2026-02-05 13:23:29'),
(3,1,'ptt_hotkey','{\"value\": \"Alt\"}','2026-02-05 13:23:29','2026-02-05 13:23:29'),
(4,2,'template_id','{\"value\": \"2\"}','2026-02-05 13:23:29','2026-02-05 13:23:29'),
(5,2,'theme','{\"value\": \"light\"}','2026-02-05 13:23:29','2026-02-05 13:23:29');
/*!40000 ALTER TABLE `turret_user_preferences` ENABLE KEYS */;
UNLOCK TABLES;
commit;

--
-- Table structure for table `turret_users`
--

DROP TABLE IF EXISTS `turret_users`;
/*!40101 SET @saved_cs_client     = @@character_set_client */;
/*!40101 SET character_set_client = utf8mb4 */;
CREATE TABLE `turret_users` (
  `id` bigint(20) unsigned NOT NULL AUTO_INCREMENT,
  `name` varchar(100) NOT NULL COMMENT 'Username for turret login',
  `password` varchar(255) NOT NULL,
  `use_ext` varchar(20) DEFAULT NULL COMMENT 'Assigned extension number',
  `is_active` tinyint(1) DEFAULT 1,
  `last_login` timestamp NULL DEFAULT NULL,
  `created_at` timestamp NULL DEFAULT current_timestamp(),
  `updated_at` timestamp NULL DEFAULT current_timestamp() ON UPDATE current_timestamp(),
  PRIMARY KEY (`id`),
  UNIQUE KEY `name` (`name`)
) ENGINE=InnoDB AUTO_INCREMENT=6 DEFAULT CHARSET=utf8mb4 COLLATE=utf8mb4_unicode_ci;
/*!40101 SET character_set_client = @saved_cs_client */;

--
-- Dumping data for table `turret_users`
--

LOCK TABLES `turret_users` WRITE;
/*!40000 ALTER TABLE `turret_users` DISABLE KEYS */;
set autocommit=0;
INSERT INTO `turret_users` VALUES
(1,'john_trader','password123','6001',1,NULL,'2026-02-05 11:37:02','2026-02-05 11:37:02'),
(2,'sarah_fx','password123','6002',1,NULL,'2026-02-05 11:37:02','2026-02-05 11:37:02'),
(3,'mike_bond','password123','6003',1,NULL,'2026-02-05 11:37:02','2026-02-05 11:37:02'),
(4,'emily_crypto','password123','6004',1,NULL,'2026-02-05 11:37:02','2026-02-05 11:37:02'),
(5,'david_metal','password123','6005',1,NULL,'2026-02-05 11:37:02','2026-02-05 11:37:02');
/*!40000 ALTER TABLE `turret_users` ENABLE KEYS */;
UNLOCK TABLES;
commit;

--
-- Table structure for table `usage_statistics`
--

DROP TABLE IF EXISTS `usage_statistics`;
/*!40101 SET @saved_cs_client     = @@character_set_client */;
/*!40101 SET character_set_client = utf8mb4 */;
CREATE TABLE `usage_statistics` (
  `id` int(11) NOT NULL AUTO_INCREMENT,
  `date` date NOT NULL,
  `branch_id` int(11) DEFAULT NULL,
  `call_server_id` int(11) DEFAULT NULL,
  `extension_number` varchar(20) NOT NULL,
  `line_inbound` int(11) DEFAULT 0,
  `line_outbound` int(11) DEFAULT 0,
  `ext_inbound` int(11) DEFAULT 0,
  `ext_outbound` int(11) DEFAULT 0,
  `vpw_inbound` int(11) DEFAULT 0,
  `vpw_outbound` int(11) DEFAULT 0,
  `cas_inbound` int(11) DEFAULT 0,
  `cas_outbound` int(11) DEFAULT 0,
  `sip_inbound` int(11) DEFAULT 0,
  `sip_outbound` int(11) DEFAULT 0,
  `total_time_inbound` int(11) DEFAULT 0,
  `total_time_outbound` int(11) DEFAULT 0,
  `created_at` timestamp NULL DEFAULT current_timestamp(),
  PRIMARY KEY (`id`),
  UNIQUE KEY `unique_daily_ext` (`date`,`call_server_id`,`extension_number`),
  KEY `idx_date` (`date`),
  KEY `idx_branch` (`branch_id`),
  KEY `idx_call_server` (`call_server_id`)
) ENGINE=InnoDB AUTO_INCREMENT=11 DEFAULT CHARSET=utf8mb4 COLLATE=utf8mb4_unicode_ci;
/*!40101 SET character_set_client = @saved_cs_client */;

--
-- Dumping data for table `usage_statistics`
--

LOCK TABLES `usage_statistics` WRITE;
/*!40000 ALTER TABLE `usage_statistics` DISABLE KEYS */;
set autocommit=0;
INSERT INTO `usage_statistics` VALUES
(1,'2026-02-04',1,3,'8001',4,5,0,0,0,0,0,0,0,0,1932,43960,'2026-02-04 07:32:37'),
(2,'2026-02-04',1,3,'8002',1,4,0,0,0,0,0,0,0,0,1933,43961,'2026-02-04 07:32:37'),
(3,'2026-02-04',1,3,'8101',0,0,3,10,0,0,0,0,0,0,794,43962,'2026-02-04 07:32:37'),
(4,'2026-02-04',1,3,'8102',0,0,0,2,0,0,0,0,0,0,1935,43963,'2026-02-04 07:32:37'),
(5,'2026-02-04',1,3,'8201',0,0,0,0,7,2,0,0,0,0,1936,43964,'2026-02-04 07:32:37'),
(6,'2026-02-04',1,3,'8202',0,0,0,0,1,0,0,0,0,0,1937,43965,'2026-02-04 07:32:37'),
(7,'2026-02-04',1,3,'8301',0,0,0,0,0,0,3,7,0,0,1938,43966,'2026-02-04 07:32:37'),
(8,'2026-02-04',1,3,'8302',0,0,0,0,0,0,3,5,0,0,1939,43967,'2026-02-04 07:32:37'),
(9,'2026-02-04',1,3,'7001',0,0,0,0,0,0,0,0,32,45,1940,43968,'2026-02-04 07:32:37'),
(10,'2026-02-04',1,3,'7002',0,0,0,0,0,0,0,0,12,6,1941,43969,'2026-02-04 07:32:37');
/*!40000 ALTER TABLE `usage_statistics` ENABLE KEYS */;
UNLOCK TABLES;
commit;

--
-- Table structure for table `users`
--

DROP TABLE IF EXISTS `users`;
/*!40101 SET @saved_cs_client     = @@character_set_client */;
/*!40101 SET character_set_client = utf8mb4 */;
CREATE TABLE `users` (
  `id` bigint(20) unsigned NOT NULL AUTO_INCREMENT,
  `name` varchar(100) NOT NULL,
  `email` varchar(100) NOT NULL,
  `profile_image` varchar(255) DEFAULT NULL,
  `password` varchar(255) NOT NULL,
  `role` varchar(20) NOT NULL DEFAULT 'operator',
  `is_active` tinyint(1) DEFAULT 1,
  `last_login` timestamp NULL DEFAULT NULL,
  `created_at` timestamp NULL DEFAULT current_timestamp(),
  `updated_at` timestamp NULL DEFAULT current_timestamp() ON UPDATE current_timestamp(),
  PRIMARY KEY (`id`),
  UNIQUE KEY `email` (`email`)
) ENGINE=MyISAM AUTO_INCREMENT=6 DEFAULT CHARSET=utf8mb4 COLLATE=utf8mb4_unicode_ci;
/*!40101 SET character_set_client = @saved_cs_client */;

--
-- Dumping data for table `users`
--

LOCK TABLES `users` WRITE;
/*!40000 ALTER TABLE `users` DISABLE KEYS */;
set autocommit=0;
INSERT INTO `users` VALUES
(1,'Root Admin','root@smartcms.local','user_1769995349_697ffc551c1b3.jpg','$2y$10$RhxdhOeRRYvGP8hL3mSRPe88nWqN26Xf9Ef1ZPmcmnedaZFdrv6zK','superroot',1,'2026-02-13 19:35:58','2026-02-01 15:37:47','2026-02-13 19:35:58'),
(2,'CMS Admin','cmsadmin@smartx.local',NULL,'$2y$12$cLO6WBNDC4merbNAH2eMWOIwcE5pY4HbyZnTbJhFS0SlRpO9QEj.e','admin',1,'2026-02-13 09:09:01','2026-02-01 15:37:47','2026-02-13 09:09:01'),
(3,'Operator User','operator@smartx.local',NULL,'$2y$12$DVfSPng/ZRxpGdc9CHp6a.LIi3sTCuHUlxim3geG8xkvdHwngeude','operator',1,'2026-02-12 08:04:49','2026-02-01 15:37:47','2026-02-12 08:04:49'),
(4,'Admin User','admin@smartx.local','user_1770074198_6981305604095.jpg','$2y$12$FFwec5m/ZQ6yo/To8fouXeKYvAlua/JVsJDjPgfuSfT/UfgTyOSgG','admin',1,'2026-02-13 14:50:56','2026-02-01 18:12:14','2026-02-13 14:50:56'),
(5,'administrator','administrator@smartcms.local',NULL,'$2y$12$1r9E2UdsbM5Ylj8Da3dS8O7OflaizMmUKhABuoxsqfrUjg1mO7l7a','admin',1,NULL,'2026-02-12 17:25:47','2026-02-12 17:25:47');
/*!40000 ALTER TABLE `users` ENABLE KEYS */;
UNLOCK TABLES;
commit;

--
-- Table structure for table `vpws`
--

DROP TABLE IF EXISTS `vpws`;
/*!40101 SET @saved_cs_client     = @@character_set_client */;
/*!40101 SET character_set_client = utf8mb4 */;
CREATE TABLE `vpws` (
  `id` bigint(20) unsigned NOT NULL AUTO_INCREMENT,
  `call_server_id` int(11) DEFAULT NULL,
  `trunk_id` bigint(20) unsigned DEFAULT NULL,
  `name` varchar(255) DEFAULT NULL,
  `vpw_number` varchar(50) NOT NULL,
  `type` varchar(50) DEFAULT 'point_to_point',
  `source_extension` varchar(50) DEFAULT NULL,
  `destination` varchar(100) DEFAULT NULL,
  `destination_local` tinyint(1) DEFAULT 0,
  `priority` int(11) DEFAULT 0,
  `description` text DEFAULT NULL,
  `is_active` tinyint(1) DEFAULT 1,
  `created_at` timestamp NULL DEFAULT NULL,
  `updated_at` timestamp NULL DEFAULT NULL,
  PRIMARY KEY (`id`)
) ENGINE=InnoDB DEFAULT CHARSET=utf8mb4 COLLATE=utf8mb4_unicode_ci;
/*!40101 SET character_set_client = @saved_cs_client */;

--
-- Dumping data for table `vpws`
--

LOCK TABLES `vpws` WRITE;
/*!40000 ALTER TABLE `vpws` DISABLE KEYS */;
set autocommit=0;
/*!40000 ALTER TABLE `vpws` ENABLE KEYS */;
UNLOCK TABLES;
commit;
/*!40103 SET TIME_ZONE=@OLD_TIME_ZONE */;

/*!40101 SET SQL_MODE=@OLD_SQL_MODE */;
/*!40014 SET FOREIGN_KEY_CHECKS=@OLD_FOREIGN_KEY_CHECKS */;
/*!40014 SET UNIQUE_CHECKS=@OLD_UNIQUE_CHECKS */;
/*!40101 SET CHARACTER_SET_CLIENT=@OLD_CHARACTER_SET_CLIENT */;
/*!40101 SET CHARACTER_SET_RESULTS=@OLD_CHARACTER_SET_RESULTS */;
/*!40101 SET COLLATION_CONNECTION=@OLD_COLLATION_CONNECTION */;
/*M!100616 SET NOTE_VERBOSITY=@OLD_NOTE_VERBOSITY */;

-- Dump completed on 2026-02-14  4:10:33
